Sequência;Código Unidade Executora;Nome Unidade Executora;Saldo Disponível;Saldo Bloqueado;Valor da contratação ou da aquisição o;Valor pago da contratação ou da aquisição;Nome da Contratada;Número da inscrição na Receita Federal do Brasil;Objeto da contratação / aquisição;Unidade da Federação;Prazo contratual;Número do processo de contratação ou aquisição
1;120195;CENTRO DE AQUISIÇÕES ESPECÍFICAS;R$ 0,00; NÃO SE APLICA ;R$ 17.599,92;R$ 17.599,92;ESCALA SOLUCOES EM ABASTECIMENTO EIRELI;27756232/0001-20;LUVA DE PROCEDIMENTO NÃO CIRÚRGICO TAMANHO M,;NACIONAL;ENTREGA IMEDIATA;2020NE802255
2;120195;CENTRO DE AQUISIÇÕES ESPECÍFICAS;R$ 0,00; NÃO SE APLICA ;R$ 1.000,00;R$ 1.000,00;GAMA-MED 13 COMERCIO E SERVICOS LTDA;04981484/0001-58;SACO PARA CADÁVER TAMANHO G;NACIONAL;ENTREGA IMEDIATA;2020NE802277
3;120195;CENTRO DE AQUISIÇÕES ESPECÍFICAS;R$ 0,00; NÃO SE APLICA ;R$ 17.287,00;R$ 17.287,00;EP SUPRIMENTOS EIRELI;34144836/0001-81;PROTETOR FACIAL COM VISOR;NACIONAL;ENTREGA IMEDIATA;2020NE802257
4;120195;CENTRO DE AQUISIÇÕES ESPECÍFICAS;R$ 0,00; NÃO SE APLICA ;R$ 16.294,59;R$ 16.294,59;DRI ASSESSORIA;27343091/0001-14;ALCOOL EM GEL;NACIONAL;ENTREGA IMEDIATA;2020NE802181
5;120195;CENTRO DE AQUISIÇÕES ESPECÍFICAS;R$ 0,00; NÃO SE APLICA ;R$ 12.739,98;R$ 12.739,98;GENESYS COMERCIAL LTDA;05925340/0001-47;MÁSCARA CIRÚRGICA ;NACIONAL;ENTREGA IMEDIATA;2020NE802178
6;120195;CENTRO DE AQUISIÇÕES ESPECÍFICAS;R$ 0,00; NÃO SE APLICA ;R$ 12.739,98;R$ 12.739,98;GENESYS COMERCIAL LTDA;05925340/0001-47;MÁSCARA CIRÚRGICA ;NACIONAL;ENTREGA IMEDIATA;2020NE802179
7;120195;CENTRO DE AQUISIÇÕES ESPECÍFICAS;R$ 0,00; NÃO SE APLICA ;R$ 2.000,00;R$ 2.000,00;GAMA-MED 13 COMERCIO E SERVICOS LTDA;04981484/0001-58;SACO PARA CADÁVER   ;NACIONAL;ENTREGA IMEDIATA;2020NE802180
8;120195;CENTRO DE AQUISIÇÕES ESPECÍFICAS;R$ 0,00; NÃO SE APLICA ;R$ 1.303.000,00;R$ 1.303.000,00;PHILIPS MEDICAL SYSTEMS LTDA;58295213/0021-11;APARELHO DE MONITORIZAÇÃO;NACIONAL;ENTREGA IMEDIATA;2020NE802301
9;120195;CENTRO DE AQUISIÇÕES ESPECÍFICAS;R$ 0,00; NÃO SE APLICA ;R$ 3.097.268,50;R$ 3.097.268,50;AIR LIQUIDE BRASIL LTDA ;00331788/0029-10;VENTILADORES-RESPIRADORES;NACIONAL;ENTREGA IMEDIATA;2020NE802221
10;120195;CENTRO DE AQUISIÇÕES ESPECÍFICAS;R$ 0,00; NÃO SE APLICA ;R$ 1.076.950,00;R$ 1.076.950,00;LINET DO BRASIL COMERCIO, IMPORTACAO E EXPORTACAO DE PRODUTOS MEDICOS HOSPITALARES ;16861009/0001-27;CAMA HOSPITALAR ELÉTRICA;NACIONAL;ENTREGA IMEDIATA;2020NE802248
11;120195;CENTRO DE AQUISIÇÕES ESPECÍFICAS;R$ 0,00; NÃO SE APLICA ;R$ 1.500.000,00;R$ 1.500.000,00;SEPARAR PRODUTOS E SERVICOS LTDA;03184220/0001-00;GERADOR DE OXIGÊNIO;NACIONAL;ENTREGA IMEDIATA;2020NE802246
12;120195;CENTRO DE AQUISIÇÕES ESPECÍFICAS;R$ 0,00; NÃO SE APLICA ;R$ 100.000,00;R$ 100.000,00;AIR LIQUIDE BRASIL LTDA;00331788/0029-10;AUTOCLAVE P/ VENTILADOR PULMONAR;NACIONAL;ENTREGA IMEDIATA;2020NE802214
13;120195;CENTRO DE AQUISIÇÕES ESPECÍFICAS;R$ 0,00; NÃO SE APLICA ;R$ 12.739,98;R$ 12.739,98;GENESYS COMERCIAL LTDA;05925340/0001-47;MÁSCARA CIRÚRGICA ;NACIONAL;ENTREGA IMEDIATA;2020NE802281
14;120195;CENTRO DE AQUISIÇÕES ESPECÍFICAS;R$ 0,00; NÃO SE APLICA ;R$ 745.000,00;R$ 745.000,00;PROHOSP DISTRIBUIDORA DE MEDICAMENTOS LTDA;04355394/0002-32;KIT TESTE PARA O COVID-19 (PROHOSP);NACIONAL;ENTREGA IMEDIATA;2020NE802278
15;120195;CENTRO DE AQUISIÇÕES ESPECÍFICAS;R$ 0,00; NÃO SE APLICA ;R$ 7.000,00;R$ 7.000,00;GENESYS COMERCIAL LTDA ;05925340/0001-47;MÁSCARA CIRÚRGICA ;NACIONAL;ENTREGA IMEDIATA;2020NE802207
16;120195;CENTRO DE AQUISIÇÕES ESPECÍFICAS;R$ 0,00; NÃO SE APLICA ;R$ 117.148,50;R$ 117.148,50;GRATTANO DISTRIBUIDORA DE ARTIGOS INDUSTRIAIS LTDA ;26408191/0001-19;MÁSCARA CIRÚRGICA ;NACIONAL;ENTREGA IMEDIATA;2020NE802208
17;120195;CENTRO DE AQUISIÇÕES ESPECÍFICAS;R$ 0,00; NÃO SE APLICA ;R$ 15.131,70;R$ 15.131,70;ER DO BRASIL INDUSTRIA E COMERCIO;17700001/0001-41;ALCOOL 96% ;NACIONAL;ENTREGA IMEDIATA;2020NE802303
18;120195;CENTRO DE AQUISIÇÕES ESPECÍFICAS;R$ 0,00; NÃO SE APLICA ;R$ 15.131,70;R$ 15.131,70;ER DO BRASIL INDUSTRIA E COMERCIO;17700001/0001-41;ALCOOL 96% ;NACIONAL;ENTREGA IMEDIATA;2020NE802304
19;120195;CENTRO DE AQUISIÇÕES ESPECÍFICAS;R$ 0,00; NÃO SE APLICA ;R$ 16.287,11;R$ 16.287,11;CIMINA COMERCIO E SERVIÇOS LTDA;09528371/0001-15;ALCOOL EM GEL;NACIONAL;ENTREGA IMEDIATA;2020NE802283
20;120195;CENTRO DE AQUISIÇÕES ESPECÍFICAS;R$ 0,00; NÃO SE APLICA ;R$ 92.500,00;R$ 92.500,00;GRATTANO DISTRIBUIDORA DE ARTIGOS INDUSTRIAIS LTDA;26408191/0001-19;MACACÃO DE SEGURANÇA TAM M, G e XG;NACIONAL;ENTREGA IMEDIATA;2020NE802213
21;120195;CENTRO DE AQUISIÇÕES ESPECÍFICAS;R$ 0,00; NÃO SE APLICA ;R$ 17.250,00;R$ 17.250,00;PERSHY CHEMICALS INDUSTRIA E COM.DE PRO QUIMICOS LTDA;31865488/0001-43;ALCOOL ETÍLICO;NACIONAL;ENTREGA IMEDIATA;2020NE802276
22;120195;CENTRO DE AQUISIÇÕES ESPECÍFICAS;R$ 0,00; NÃO SE APLICA ;R$ 11.995,42;R$ 11.995,42;EPINET COMERCIO DE EQUIPAMENTOS DE PROTECAO EIRELI;14984352/0001-33;PROTETOR FACIAL  ;NACIONAL;ENTREGA IMEDIATA;2020NE802305
23;120195;CENTRO DE AQUISIÇÕES ESPECÍFICAS;R$ 0,00; NÃO SE APLICA ;R$ 104.000,00;R$ 104.000,00;EMEC MATERIAIS HOSPITALARES - EIRELI;24022700/0001-45;AVENTAL 60G;NACIONAL;ENTREGA IMEDIATA;2020NE802312
24;120195;CENTRO DE AQUISIÇÕES ESPECÍFICAS;R$ 0,00; NÃO SE APLICA ;R$ 107.800,00;R$ 107.800,00;VERMAT COMERCIAL LTDA ;09597896/0001-02;LUVA DE PROCEDIMENTO ;NACIONAL;ENTREGA IMEDIATA;2020NE802209
25;120195;CENTRO DE AQUISIÇÕES ESPECÍFICAS;R$ 0,00; NÃO SE APLICA ;R$ 16.089,15;R$ 16.089,15;GAMA-MED 13 COMERCIO E SERVICOS EIRELI;04981484/0001-58;MÁSCARA;NACIONAL;ENTREGA IMEDIATA;2020NE802175
26;120195;CENTRO DE AQUISIÇÕES ESPECÍFICAS;R$ 0,00; NÃO SE APLICA ;R$ 4.421,76;R$ 4.421,76;MACPET EMBALAGENS LTDA;11659958/0001-05;EMBALAGEM FRASCO 100ML;NACIONAL;ENTREGA IMEDIATA;2020NE802193
27;120195;CENTRO DE AQUISIÇÕES ESPECÍFICAS;R$ 0,00; NÃO SE APLICA ;R$ 642,30;R$ 642,30;HEXIS CIENTIFICA LTDA;53276010/0001-10;TRIETANOLAMINA;NACIONAL;ENTREGA IMEDIATA;2020NE802195
28;120195;CENTRO DE AQUISIÇÕES ESPECÍFICAS;R$ 0,00; NÃO SE APLICA ;R$ 28.165,41;R$ 28.165,41;DRI ASSESSORIA EVENTOS E SERVICOS EIRELI;27343091/0001-14;ALCOOL ETÍLICO;NACIONAL;ENTREGA IMEDIATA;2020NE802220
29;120195;CENTRO DE AQUISIÇÕES ESPECÍFICAS;R$ 0,00; NÃO SE APLICA ;R$ 58.200,00;R$ 58.200,00;GENESYS COMERCIAL LTDA;05925340/0001-47;MÁSCARA CIRURGICA TRIPLA;NACIONAL;ENTREGA IMEDIATA;2020NE802313
30;120195;CENTRO DE AQUISIÇÕES ESPECÍFICAS;R$ 0,00; NÃO SE APLICA ;R$ 1.490.000,00;R$ 1.490.000,00;GENESYS COMERCIAL LTDA;05925340/0001-47;MÁSCARA CIRÚRGICA DE TRIPLA CAMADA;NACIONAL;ENTREGA IMEDIATA;2020NE802631
31;120195;CENTRO DE AQUISIÇÕES ESPECÍFICAS;R$ 0,00; NÃO SE APLICA ;R$ 1.200.000,00;R$ 1.200.000,00;BIOGEOENERGY FABRICACAO E LOCACAO DE EQUIPAMENTOS LTDA;33578004/0001-00;AVENTAL HOSPITALAR;NACIONAL;ENTREGA IMEDIATA;2020NE802621
32;120195;CENTRO DE AQUISIÇÕES ESPECÍFICAS;R$ 0,00; NÃO SE APLICA ;R$ 185.000,00;R$ 185.000,00;TD MEDICAL SUPPLIES IMPORTACAO E COMERCIO LTDA;20782247/0001-14;LUVA PARA PROCEDIMENTO NÃO CIRÚRGICO;NACIONAL;ENTREGA IMEDIATA;2020NE802622
33;120195;CENTRO DE AQUISIÇÕES ESPECÍFICAS;R$ 0,00; NÃO SE APLICA ;R$ 20.470,00;R$ 20.470,00;EPINET INDUSTRIA E COMERCIO DE EQUIPAMENTOS DE PROTECAO INDIVIDUAL;14984352/0001-33;PROTETOR FACIAL;NACIONAL;ENTREGA IMEDIATA;2020NE802623
34;120195;CENTRO DE AQUISIÇÕES ESPECÍFICAS;R$ 0,00; NÃO SE APLICA ;R$ 85.000,00;R$ 85.000,00;EMEC 5000 COMERCIO E REPRESENTACOES LTDA - ME;24022700/0001-45;AVENTAL ( CAPOTE) CIRÚRGICO;NACIONAL;ENTREGA IMEDIATA;2020NE803717
35;120195;CENTRO DE AQUISIÇÕES ESPECÍFICAS;R$ 0,00; NÃO SE APLICA ;R$ 399.993,30;R$ 399.993,30;EMBRAPEC COMERCIO DE PRODUTOS ECOLOGICOS E SUSTENTAVEIS;20739464/0001-21;AVENTAL HOSPITALAR;NACIONAL;ENTREGA IMEDIATA;2020NE803295
36;120195;CENTRO DE AQUISIÇÕES ESPECÍFICAS;R$ 0,00; NÃO SE APLICA ;R$ 236.800,00;R$ 236.800,00;TD MEDICAL SUPPLIES IMPORTACAO E COMERCIO LTDA;20782247/0001-14;LUVA PARA PROCEDIMENTO;NACIONAL;ENTREGA IMEDIATA;2020NE803722
37;120195;CENTRO DE AQUISIÇÕES ESPECÍFICAS;R$ 0,00; NÃO SE APLICA ;R$ 458.750,00;R$ 458.750,00;EMBRAPEC COMERCIO DE PRODUTOS ECOLOGICOS E SUSTENTAVEIS;20739464/0001-21;AVENTAL HOSPITALAR;NACIONAL;ENTREGA IMEDIATA;2020NE803724
38;120195;CENTRO DE AQUISIÇÕES ESPECÍFICAS;R$ 0,00; NÃO SE APLICA ;R$ 327.800,00;R$ 327.800,00;GENESYS COMERCIAL LTDA;5925340/0001-47;MÁSCARA CIRÚRGICA;NACIONAL;ENTREGA IMEDIATA;2020NE803723
39;120195;CENTRO DE AQUISIÇÕES ESPECÍFICAS;R$ 0,00; NÃO SE APLICA ;R$ 62.780,00;R$ 62.780,00;LIMP DESC COMERCIO DE MATERIAIS DE LIMPEZA E DESCARTAVEIS EM;31957234/0001-55;ÓCULOS DE PROTEÇÃO E ALCOOL ETÍLICO;NACIONAL;ENTREGA IMEDIATA;2020NE803719
40;120195;CENTRO DE AQUISIÇÕES ESPECÍFICAS;R$ 0,00; NÃO SE APLICA ;R$ 14.958,90;R$ 14.958,90;MULTIFARMA COMERCIAL LTDA;21681325/0001-57;NOREPINEFRINA;NACIONAL;ENTREGA IMEDIATA;2020NE804204
41;120195;CENTRO DE AQUISIÇÕES ESPECÍFICAS;R$ 0,00; NÃO SE APLICA ;R$ 34.541,10;R$ 34.541,10;MULTIFARMA COMERCIAL LTDA;21681325/0001-57;NOREPINEFRINA;NACIONAL;ENTREGA IMEDIATA;2020NE804205
42;120195;CENTRO DE AQUISIÇÕES ESPECÍFICAS;R$ 0,00; NÃO SE APLICA ;R$ 12.490,00;R$ 12.490,00;ONCOVIT DISTRIBUIDORA DE MEDICAMENTOS LTDA;10586940-0001-68;MIDAZOLAM;NACIONAL;ENTREGA IMEDIATA;2020NE804245
43;120195;CENTRO DE AQUISIÇÕES ESPECÍFICAS;R$ 0,00; NÃO SE APLICA ;R$ 46.240,00;R$ 46.240,00;DISTRIBUICAO DE MEDICAMENTOS PAMED LTDA;2424344/0001-53;PROPOFOL;NACIONAL;ENTREGA IMEDIATA;2020NE804304
44;120195;CENTRO DE AQUISIÇÕES ESPECÍFICAS;R$ 0,00; NÃO SE APLICA ;R$ 209.998,00;R$ 209.998,00;MP COMERCIO E SERVIÇO EIRELI;19312691/0001-97;PROTETOR FACIAL,;NACIONAL;ENTREGA IMEDIATA;2020NE804533
45;120195;CENTRO DE AQUISIÇÕES ESPECÍFICAS;R$ 0,00; NÃO SE APLICA ;R$ 1.005.840,00;R$ 1.005.840,00;MTB TECNOLOGIA LTDA;1405834/0001-40;MONITOR 12 POLEGADAS;NACIONAL;ENTREGA IMEDIATA;2020NE804028
46;120195;CENTRO DE AQUISIÇÕES ESPECÍFICAS;R$ 0,00; NÃO SE APLICA ;R$ 4.421.259,20;R$ 4.421.259,20;PHILIPS MEDICAL SYSTEMS LTDA;58295213/0021-11;MONITOR 15 POLEGADAS;NACIONAL;ENTREGA IMEDIATA;2020NE804029
47;120195;CENTRO DE AQUISIÇÕES ESPECÍFICAS;R$ 0,00; NÃO SE APLICA ;R$ 552.657,40;R$ 552.657,40;PHILIPS MEDICAL SYSTEMS LTDA;58295213/0021-11;MONITOR 15 POLEGADAS;NACIONAL;ENTREGA IMEDIATA;2020NE804207
48;120195;CENTRO DE AQUISIÇÕES ESPECÍFICAS;R$ 0,00; NÃO SE APLICA ;R$ 1.584,00;R$ 1.584,00;VITRALAB EQUIPAMENTOS E SUPRIMENTOS PARA LABORATORIOS ;13440815/0001-33;TUBO TIPO FALCON COM CAPACIDADE PARA 15ML;NACIONAL;ENTREGA IMEDIATA;2020NE805553
49;120195;CENTRO DE AQUISIÇÕES ESPECÍFICAS;R$ 0,00; NÃO SE APLICA ;R$ 13.200,00;R$ 13.200,00;DIMALAB ELETRONICS DO BRASIL LTDA - EPP;2472743/0001-90;SWAB, MATERIAL: HASTE PLÁSTICA, TIPO PONTA: PONTA EM RAYON;NACIONAL;ENTREGA IMEDIATA;2020NE805555
50;120195;CENTRO DE AQUISIÇÕES ESPECÍFICAS;R$ 0,00; NÃO SE APLICA ;R$ 4.065,00;R$ 4.065,00;VITRALAB EQUIPAMENTOS E SUPRIMENTOS PARA LABORATORIOS ;13440815/0001-33;PONTEIRA, MICROTUBO E PLACA PARA LABORATÓRIO;NACIONAL;ENTREGA IMEDIATA;2020NE805632
51;120195;CENTRO DE AQUISIÇÕES ESPECÍFICAS;R$ 0,00; NÃO SE APLICA ;R$ 2.580,00;R$ 2.580,00;FUTURA DISTRIBUIDORA DE MEDICAMENTOS E PRODUTOS DE SAUDE LTDA.;17700763/0001-48;MÁSCARAS CIRÚRGICAS;NACIONAL;ENTREGA IMEDIATA;2020NE805662
52;120195;CENTRO DE AQUISIÇÕES ESPECÍFICAS;R$ 0,00; NÃO SE APLICA ;R$ 12.000,00;R$ 12.000,00;DIMALAB ELETRONICS DO BRASIL LTDA - EPP;2472743/0001-90;SWAB, MATERIAL: HASTE PLÁSTICA, TIPO PONTA: PONTA EM RAYON;NACIONAL;ENTREGA IMEDIATA;2020NE805665
53;120195;CENTRO DE AQUISIÇÕES ESPECÍFICAS;R$ 0,00; NÃO SE APLICA ;R$ 42.070,00;R$ 42.070,00;BIOMA CIENTIFICA EIRELI;7993655/0001-57;KIT DE EXTRAÇÃO DE RNA VIRAL;NACIONAL;ENTREGA IMEDIATA;2020NE805712
54;120195;CENTRO DE AQUISIÇÕES ESPECÍFICAS;R$ 0,00; NÃO SE APLICA ;R$ 41.050,00;R$ 41.050,00;VBM EQUIPAMENTOS LTDA - EPP;31885247/0001-66;PALETEIRA E EMPILHADEIRA ;NACIONAL;ENTREGA IMEDIATA;2020NE805143
55;120195;CENTRO DE AQUISIÇÕES ESPECÍFICAS;R$ 0,00; NÃO SE APLICA ;R$ 5.400,00;R$ 5.400,00;LABINFARMA INDUSTRIA E COMERCIO DE EQUIPAMENTOS MEDICOS HOSPITALARES LTDA;33554685/0001-77;AGITADOR MECÂNICO, TIPO HOMOGEINIZADOR,;NACIONAL;ENTREGA IMEDIATA;2020NE805701
56;120195;CENTRO DE AQUISIÇÕES ESPECÍFICAS;R$ 0,00; NÃO SE APLICA ;R$ 1.960,00;R$ 1.960,00;INSTRUTHERM INSTRUMENTOS DE MEDICAO LTDA;53775862/0001-52;ELETRODO MEDIÇÃO PH, TIPO:COMBINADO;NACIONAL;ENTREGA IMEDIATA;2020NE805702
57;120195;CENTRO DE AQUISIÇÕES ESPECÍFICAS;R$ 0,00; NÃO SE APLICA ;R$ 5.007,99;R$ 5.007,99;CMK AUTOMACAO COMERCIAL EIRELI;22416068/0002-70;IMPRESSORA TÉRMICA E COLETOR DADOS;NACIONAL;ENTREGA IMEDIATA;2020NE805703
58;120195;CENTRO DE AQUISIÇÕES ESPECÍFICAS;R$ 0,00; NÃO SE APLICA ;R$ 19.600,00;R$ 19.600,00;ENGFARMA - ENGENHARIA DE EQUIPAMENTOS FARMACEUTICOS EIREL;17982915/0001-42;EQUIPAMENTOS DIVERSOS PARA SERVIÇOS PROFISSIONAIS;NACIONAL;ENTREGA IMEDIATA;2020NE805706
59;120195;CENTRO DE AQUISIÇÕES ESPECÍFICAS;R$ 0,00; NÃO SE APLICA ;R$ 3.000.000,00;R$ 3.000.000,00;R.C - MOVEIS LTDA;2377937/0001-06;CAMA HOSPITALAR ELÉTRICA;NACIONAL;ENTREGA IMEDIATA;2020NE804825
60;120195;CENTRO DE AQUISIÇÕES ESPECÍFICAS;R$ 0,00; NÃO SE APLICA ;R$ 17.500,00;R$ 17.500,00;ANTONIO CARLOS DA COSTA FILHO ;32974731/0001-24;OXÍMETRO;NACIONAL;ENTREGA IMEDIATA;2020NE804005
61;120195;CENTRO DE AQUISIÇÕES ESPECÍFICAS;R$ 0,00; NÃO SE APLICA ;R$ 3.150,00;R$ 3.150,00;LINCK COMERCIO E SERVICOS LTDA;17256815/0001-39;MÁSCARAS DE TECIDO;NACIONAL;ENTREGA IMEDIATA;2020NE805130
62;120195;CENTRO DE AQUISIÇÕES ESPECÍFICAS;R$ 0,00; NÃO SE APLICA ;R$ 26.700,00;R$ 26.700,00;SSG CONTAINERS LTDA;17072359/0001-77;LOCAÇÃO CÂMARA MORTUÁRIA TIPO DE CONTAINERS 20 PÉS PARA ATENDER AS NECESSIDADES DO HCA;NACIONAL;ENTREGA IMEDIATA;2020NE804810
63;120195;CENTRO DE AQUISIÇÕES ESPECÍFICAS;R$ 0,00; NÃO SE APLICA ;R$ 38.340,00;R$ 38.340,00;CRISTALIA PRODUTOS QUIMICOS FARMACEUTICOS LTDA;44734671/0001-51;DEXTROCETAMINA CLORIDRATO, 50MG/ML, INJETÁVEL;NACIONAL;ENTREGA IMEDIATA;2020NE804301
64;120195;CENTRO DE AQUISIÇÕES ESPECÍFICAS;R$ 0,00; NÃO SE APLICA ;R$ 49.776,00;R$ 49.776,00;PONTUAL HOSPITALAR EIRELI - ME;24382535/0001-32;MIDAZOLAM, DOSAGEM 5MG/ML, APLICAÇÃO INJETÁVEL;NACIONAL;ENTREGA IMEDIATA;2020NE804253
65;120195;CENTRO DE AQUISIÇÕES ESPECÍFICAS;R$ 0,00; NÃO SE APLICA ;R$ 41.391,00;R$ 41.391,00;CRISTALIA PRODUTOS QUIMICOS FARMACEUTICOS LTDA;44734671/0001-51;LEVOFLOXACINO, 5MG/ML, INJETAVEL (BOLSA 100ML);NACIONAL;ENTREGA IMEDIATA;2020NE804302
66;120195;CENTRO DE AQUISIÇÕES ESPECÍFICAS;R$ 0,00; NÃO SE APLICA ;R$ 49.140,00;R$ 49.140,00;SCHWAB & TERNUS LTDA;1611294/0001-50;HEPARINA SODICA, 5.000UI/ML, INJETAVEL (;NACIONAL;ENTREGA IMEDIATA;2020NE804303
67;120195;CENTRO DE AQUISIÇÕES ESPECÍFICAS;R$ 0,00; NÃO SE APLICA ;R$ 48.510,00;R$ 48.510,00;MULTIFARMA COMERCIAL LTDA;21681325/0001-57;NOREPINEFRINA, CONCENTRAÇÃO 2MG/ML;NACIONAL;ENTREGA IMEDIATA;2020NE804305
68;120195;CENTRO DE AQUISIÇÕES ESPECÍFICAS;R$ 0,00; NÃO SE APLICA ;R$ 31.111,08;R$ 31.111,08;BALSAMO DISTRIBUIDORA DE MEDICAMENTOS EIRELI - ME;11858797/0001-89;CLORETO DE SODIO, 0,9%, INJETAVEL;NACIONAL;ENTREGA IMEDIATA;2020NE804338
69;120195;CENTRO DE AQUISIÇÕES ESPECÍFICAS;R$ 0,00; NÃO SE APLICA ;R$ 596.650,25;R$ 596.650,25;EMBRAPEC COMERCIO DE PRODUTOS ECOLOGICOS E SUSTENTAVEIS;20739464/0001-21;AVENTAL HOSPITALAR;NACIONAL;ENTREGA IMEDIATA;2020NE804534
70;120195;CENTRO DE AQUISIÇÕES ESPECÍFICAS;R$ 0,00; NÃO SE APLICA ;R$ 361.250,00;R$ 361.250,00;PROHOSP DISTRIBUIDORA DE MEDICAMENTOS LTDA;4355394/0002-32;REAGENTE PARA DIAGNÓSTICO CLÍNICO;NACIONAL;ENTREGA IMEDIATA;2020NE804647
71;120195;CENTRO DE AQUISIÇÕES ESPECÍFICAS;R$ 0,00; NÃO SE APLICA ;R$ 1.360,00;R$ 1.360,00;ESTRATTI VEGETALI FARMACIA E MANIPULACAO EIRELI;4162170/0001-23;IVERMECTINA, 6MG (COMPRIMIDO);NACIONAL;ENTREGA IMEDIATA;2020NE805193
72;120195;CENTRO DE AQUISIÇÕES ESPECÍFICAS;R$ 0,00; NÃO SE APLICA ;R$ 1.042.000,00;R$ 1.042.000,00;SIEMENS HEALTHCARE DIAGNOSTICOS S.A;SIEMENS HEALTHCARE DIAGNOSTICOS S.A;TOMÓGRAFO COMPUTADORIZADO DE 32 CANAIS;NACIONAL;ENTREGA IMEDIATA;2020NE805504
73;120001;GABINETE DO COMANDANTE DA AERONÁUTICA;R$ 0,00; NÃO SE APLICA ;R$ 16.398,55;R$ 16.398,55; NÃO SE APLICA ; NÃO SE APLICA ;DIARIA NACIONAL MILITAR; NACIONAL ; NÃO SE APLICA ;2020NE000004  2020NE000033 
74;120001;GABINETE DO COMANDANTE DA AERONÁUTICA;R$ 0,00; NÃO SE APLICA ;R$ 830,85;R$ 830,85;NÃO SE APLICA;NÃO SE APLICA ;DIARIA NACIONAL MILITAR;NACIONAL;NÃO SE APLICA;2020NE000008
75;120001;GABINETE DO COMANDANTE DA AERONÁUTICA;R$ 0,00; NÃO SE APLICA ;R$ 7.424,35;R$ 7.424,35;NÃO SE APLICA;NÃO SE APLICA ;DIARIA NACIONAL MILITAR;NACIONAL;NÃO SE APLICA;2020NE000009
76;120001;GABINETE DO COMANDANTE DA AERONÁUTICA;R$ 0,00; NÃO SE APLICA ;R$ 262.398,58;R$ 262.398,58;NÃO SE APLICA;NÃO SE APLICA ;DIARIA EXTERIOR MILITAR;NACIONAL;NÃO SE APLICA;2020NE000043 2020NE000044
77;120006;GRUPAMENTO DE APOIO DE BRASÍLIA;R$ 0,00; NÃO SE APLICA ;R$ 228,95;R$ 228,95;NÃO SE APLICA;NÃO SE APLICA ;DIÁRIA MILITAR ;NACIONAL;NÃO SE APLICA;2020NE000020
78;120006;GRUPAMENTO DE APOIO DE BRASÍLIA;R$ 0,00; NÃO SE APLICA ;R$ 9.092,50;R$ 9.092,50;NÃO SE APLICA;NÃO SE APLICA ;DIÁRIA MILITAR ;NACIONAL;NÃO SE APLICA;2020NE000023
79;120006;GRUPAMENTO DE APOIO DE BRASÍLIA;R$ 0,00; NÃO SE APLICA ;R$ 8.000,00;R$ 8.000,00;NÃO SE APLICA;NÃO SE APLICA ;DIÁRIA MILITAR ;NACIONAL;NÃO SE APLICA;2020NE000025
80;120006;GRUPAMENTO DE APOIO DE BRASÍLIA;R$ 0,00; NÃO SE APLICA ;R$ 623,75;R$ 623,75;NÃO SE APLICA;NÃO SE APLICA ;DIÁRIA MILITAR ;NACIONAL;NÃO SE APLICA;2020NE000037
81;120006;GRUPAMENTO DE APOIO DE BRASÍLIA;R$ 0,00; NÃO SE APLICA ;R$ 9.300,00;R$ 9.300,00;CASA PONTE MATERIAIS PARA CONSTRUCAO LTDA;37106242/0001-74;LAVA LOUÇAS E SECADORA;DISTRITO FEDERAL;ENTREGA IMEDIATA;2020NE800117
82;120006;GRUPAMENTO DE APOIO DE BRASÍLIA;R$ 0,00; NÃO SE APLICA ;R$ 30.036,75;R$ 8.730,00;MV EVENTOS ARTISTICOS E ESPORTIVOS - EIRE;07851262/0001-09;SERVIÇOS DE ILUMINAÇÃO;DISTRITO FEDERAL;ENTREGA IMEDIATA;2020NE800157
83;120195;CENTRO DE AQUISIÇÕES ESPECÍFICAS;R$ 0,00; NÃO SE APLICA ;R$ 7.900.000,00;R$ 0,00;IAS INDUSTRIA DE AVIACAO E SERVICOS S/A;5116872/0001-33;MANUTENÇÃO DE AERONAVES;NACIONAL;ENTREGA IMEDIATA;2020NE802740
84;120195;CENTRO DE AQUISIÇÕES ESPECÍFICAS;R$ 0,00; NÃO SE APLICA ;R$ 864.646,33;R$ 864.646,33;PETROBRAS DISTRIBUIDORA S/A;34274233/0001-02;COMBUSTÍVEL DE AVIAÇÃO;NACIONAL;ENTREGA IMEDIATA;2020NE802747
85;120195;CENTRO DE AQUISIÇÕES ESPECÍFICAS;R$ 0,00; NÃO SE APLICA ;R$ 569.152,91;R$ 569.152,91;PETROBRAS DISTRIBUIDORA S/A;34274233/0001-02;COMBUSTÍVEL DE AVIAÇÃO;NACIONAL;ENTREGA IMEDIATA;2020NE802783
86;120195;CENTRO DE AQUISIÇÕES ESPECÍFICAS;R$ 0,00; NÃO SE APLICA ;R$ 661.280,34;R$ 661.280,34;PETROBRAS DISTRIBUIDORA S/A;34274233/0001-02;COMBUSTÍVEL DE AVIAÇÃO;NACIONAL;ENTREGA IMEDIATA;2020NE802800
87;120195;CENTRO DE AQUISIÇÕES ESPECÍFICAS;R$ 0,00; NÃO SE APLICA ;R$ 1.904.916,83;R$ 1.904.916,83;PETROBRAS DISTRIBUIDORA S/A;34274233/0001-02;COMBUSTÍVEL DE AVIAÇÃO;NACIONAL;ENTREGA IMEDIATA;2020NE802805
88;120195;CENTRO DE AQUISIÇÕES ESPECÍFICAS;R$ 0,00; NÃO SE APLICA ;R$ 400.000,00;R$ 400.000,00;BIOGEOENERGY FABRICACAO E LOCACAO DE EQUIPAMENTOS LTDA;33578004/0001-00;AVENTAL HOSPITALAR;NACIONAL;ENTREGA IMEDIATA;2020NE804208
89;120195;CENTRO DE AQUISIÇÕES ESPECÍFICAS;R$ 0,00; NÃO SE APLICA ;R$ 37.800,00;R$ 37.800,00;CM EQUIPAMENTOS PARA LABORATORIOS EIRELI;32612587/0001-86;ETANOL, SOLUÇÃO TAMPÃO E PROMEGA;NACIONAL;ENTREGA IMEDIATA;2020NE805823
90;120195;CENTRO DE AQUISIÇÕES ESPECÍFICAS;R$ 0,00; NÃO SE APLICA ;R$ 11.600,00;R$ 11.600,00;NOVA TECNICA INDUSTRIA E COMERCIO DE EQUIPAMENTOS ;61012811/0001-05;CENTRÍFUGA REFRIGERADA, DE ALTA VELOCIDADE, PARA MICROTUBOS;NACIONAL;ENTREGA IMEDIATA;2020NE805871
91;120195;CENTRO DE AQUISIÇÕES ESPECÍFICAS;R$ 0,00; NÃO SE APLICA ;R$ 692,00;R$ 692,00;JPA LABOR COMERCIAL EIRELI;29054890/0001-04;AGITADOR DE TUBOS TIPO VORTEX, M2.500RPM;NACIONAL;ENTREGA IMEDIATA;2020NE805872
92;120195;CENTRO DE AQUISIÇÕES ESPECÍFICAS;R$ 0,00; NÃO SE APLICA ;R$ 55.180,00;R$ 55.180,00;REFRIGERADOR FREEZER PARA LABORATÓRIO,;33554685/0001-77;LABINFARMA INDUSTRIA E COMERCIO DE EQUIPAMENTOS MEDICOS;NACIONAL;ENTREGA IMEDIATA;2020NE805873
93;120195;CENTRO DE AQUISIÇÕES ESPECÍFICAS;R$ 0,00; NÃO SE APLICA ;R$ 249.000,00;R$ 249.000,00;LIFE TECHNOLOGIES BRASIL COMERCIO E INDUSTRIA DE PRODUTOS;63067904/0006-69;TERMOCICLADOR PARA RT-PCR EM TEMPO REAL (MÁQUINA DE PCR);NACIONAL;ENTREGA IMEDIATA;2020NE805874
94;120195;CENTRO DE AQUISIÇÕES ESPECÍFICAS;R$ 0,00; NÃO SE APLICA ;R$ 12.300,00;R$ 12.300,00;LOCCUS DO BRASIL LTDA;5094718/0001-08;MICROCENTRÍFUGA DE LABORATÓRIO, BANHO SECO ;NACIONAL;ENTREGA IMEDIATA;2020NE805875
95;120195;CENTRO DE AQUISIÇÕES ESPECÍFICAS;R$ 0,00; NÃO SE APLICA ;R$ 3.800,00;R$ 3.800,00;VIGUI'ST INFORMATICA LTDA;6032137/0001-04;NOBREAK 1,5 KVA;NACIONAL;ENTREGA IMEDIATA;2020NE805876
96;120195;CENTRO DE AQUISIÇÕES ESPECÍFICAS;R$ 0,00; NÃO SE APLICA ;R$ 3.980,00;R$ 3.980,00;EGR EQUIPAMENTOS E SOLUCOES EIRELI;33246555/0001-77;MATERIAS PARA LABORATÓRIO;NACIONAL;ENTREGA IMEDIATA;2020NE805877
97;120195;CENTRO DE AQUISIÇÕES ESPECÍFICAS;R$ 0,00; NÃO SE APLICA ;R$ 26.000,00;R$ 26.000,00;INDREL INDUSTRIA DE REFRIGERAÇÃO LONDRINENSE;78589504/0001-86;REFRIGERADOR VERTICAL -20ºC;NACIONAL;ENTREGA IMEDIATA;2020NE805878
98;120195;CENTRO DE AQUISIÇÕES ESPECÍFICAS;R$ 0,00; NÃO SE APLICA ;R$ 39.045,00;R$ 39.045,00;DAF LABOR EQUIPAMENTOS PARA LABORATORIO EIRELI;35382879/0001-68;CABINE DE SEGURANÇA BIOLÓGICA;NACIONAL;ENTREGA IMEDIATA;2020NE805879
99;120195;CENTRO DE AQUISIÇÕES ESPECÍFICAS;R$ 0,00; NÃO SE APLICA ;R$ 31.500,00;R$ 31.500,00;LINCK COMERCIO E SERVICOS LTDA;17256815/0001-39;MÁSCARAS DE TECIDO;NACIONAL;ENTREGA IMEDIATA;2020NE805969
100;120195;CENTRO DE AQUISIÇÕES ESPECÍFICAS;R$ 0,00; NÃO SE APLICA ;R$ 1.726.099,39;R$ 1.726.099,39;JETFLY REVENDEDORA DE COMBUSTIVEIS LTDA;14607609/0001-38;COMBUSTÍVEL DE AVIAÇÃO;NACIONAL;ENTREGA IMEDIATA;2020NE806306
101;120195;CENTRO DE AQUISIÇÕES ESPECÍFICAS;R$ 0,00; NÃO SE APLICA ;R$ 948.994,09;R$ 948.994,09;RAIZEN COMBUSTIVEIS S.A.;33453598/0001-23;COMBUSTÍVEL DE AVIAÇÃO;NACIONAL;ENTREGA IMEDIATA;2020NE806307
102;120195;CENTRO DE AQUISIÇÕES ESPECÍFICAS;R$ 0,00; NÃO SE APLICA ;R$ 1.727.584,06;R$ 1.727.584,06;PETROBRAS DISTRIBUIDORA S/A;34274233/0001-02;COMBUSTÍVEL DE AVIAÇÃO;NACIONAL;ENTREGA IMEDIATA;2020NE806308
103;120195;CENTRO DE AQUISIÇÕES ESPECÍFICAS;R$ 0,00; NÃO SE APLICA ;R$ 3.234.594,16;R$ 3.234.594,16;PETROBRAS DISTRIBUIDORA S/A;34274233/0001-02;COMBUSTÍVEL DE AVIAÇÃO;NACIONAL;ENTREGA IMEDIATA;2020NE806311
104;120195;CENTRO DE AQUISIÇÕES ESPECÍFICAS;R$ 0,00; NÃO SE APLICA ;R$ 8.779,33;R$ 8.779,33;JETFLY REVENDEDORA DE COMBUSTIVEIS LTDA;14607609/0001-38;COMBUSTÍVEL DE AVIAÇÃO;NACIONAL;ENTREGA IMEDIATA;2020NE806332
105;120195;CENTRO DE AQUISIÇÕES ESPECÍFICAS;R$ 0,00; NÃO SE APLICA ;R$ 46.921,23;R$ 46.921,23;PETROBRAS DISTRIBUIDORA S/A;34274233/0001-02;COMBUSTÍVEL DE AVIAÇÃO;NACIONAL;ENTREGA IMEDIATA;2020NE806333
106;120195;CENTRO DE AQUISIÇÕES ESPECÍFICAS;R$ 0,00; NÃO SE APLICA ;R$ 45.271,76;R$ 45.271,76;JETFLY REVENDEDORA DE COMBUSTIVEIS LTDA;14607609/0001-38;COMBUSTÍVEL DE AVIAÇÃO;NACIONAL;ENTREGA IMEDIATA;2020NE806336
107;120195;CENTRO DE AQUISIÇÕES ESPECÍFICAS;R$ 0,00; NÃO SE APLICA ;R$ 1.686.000,00;R$ 0,00;ATM MANUTENCAO DE AERONAVES E TURBINAS LTDA;8057011/0001-10;MANUTENÇÃO DE AERONAVES;NACIONAL;ENTREGA IMEDIATA;2020NE806339
108;120195;CENTRO DE AQUISIÇÕES ESPECÍFICAS;R$ 0,00; NÃO SE APLICA ;R$ 5.597.281,80;R$ 2.204.746,80;ATM MANUTENCAO DE AERONAVES E TURBINAS LTDA;8057011/0001-10;MANUTENÇÃO DE AERONAVES;NACIONAL;ENTREGA IMEDIATA;2020NE806341
109;120195;CENTRO DE AQUISIÇÕES ESPECÍFICAS;R$ 0,00; NÃO SE APLICA ;R$ 1.135.979,96;R$ 0,00;JETFLY REVENDEDORA DE COMBUSTIVEIS LTDA;14607609/0001-38;COMBUSTÍVEL DE AVIAÇÃO;NACIONAL;ENTREGA IMEDIATA;2020NE806366
110;120195;CENTRO DE AQUISIÇÕES ESPECÍFICAS;R$ 0,00; NÃO SE APLICA ;R$ 301.586,16;R$ 301.586,16;PETROBRAS DISTRIBUIDORA S/A;34274233/0001-02;COMBUSTÍVEL DE AVIAÇÃO;NACIONAL;ENTREGA IMEDIATA;2020NE806367
111;120195;CENTRO DE AQUISIÇÕES ESPECÍFICAS;R$ 0,00; NÃO SE APLICA ;R$ 2.930.579,00;R$ 87.907,56;PETROBRAS DISTRIBUIDORA S/A;34274233/0001-02;COMBUSTÍVEL DE AVIAÇÃO;NACIONAL;ENTREGA IMEDIATA;2020NE806368
112;120195;CENTRO DE AQUISIÇÕES ESPECÍFICAS;R$ 0,00; NÃO SE APLICA ;R$ 204.218,35;R$ 204.218,35;JETFLY REVENDEDORA DE COMBUSTIVEIS LTDA;14607609/0001-38;COMBUSTÍVEL DE AVIAÇÃO;NACIONAL;ENTREGA IMEDIATA;2020NE806369
113;120195;CENTRO DE AQUISIÇÕES ESPECÍFICAS;R$ 0,00; NÃO SE APLICA ;R$ 986.064,82;R$ 986.064,82;SIEMENS HEALTHCARE DIAGNOSTICOS LTDA;1449930/0006-02;TOMÓGRAFO COMPUTADORIZADO DE 32 CANAIS;NACIONAL;ENTREGA IMEDIATA;2020NE806451
114;120195;CENTRO DE AQUISIÇÕES ESPECÍFICAS;R$ 0,00; NÃO SE APLICA ;R$ 24.680.580,66;R$ 0,00;EMBRAER S.A.;7689002/0001-89;MANUTENÇÃO DE AERONAVES;NACIONAL;ENTREGA IMEDIATA;2020NE806462
115;120195;CENTRO DE AQUISIÇÕES ESPECÍFICAS;R$ 0,00; NÃO SE APLICA ;R$ 70.000,00;R$ 70.000,00;PECA OIL DISTRIBUIDORA LTDA;34043125/0001-10;MANUTENÇÃO DE VIATURAS;NACIONAL;ENTREGA IMEDIATA;2020NE806531
116;120195;CENTRO DE AQUISIÇÕES ESPECÍFICAS;R$ 0,00; NÃO SE APLICA ;R$ 40.000,00;R$ 40.000,00;PECA OIL DISTRIBUIDORA LTDA;34043125/0001-10;MANUTENÇÃO DE VIATURAS;NACIONAL;ENTREGA IMEDIATA;2020NE806532
117;120195;CENTRO DE AQUISIÇÕES ESPECÍFICAS;R$ 0,00; NÃO SE APLICA ;R$ 30.000,00;R$ 30.000,00;COMERCIAL VENCINI LTDA - EPP;5,60E+12;MANUTENÇÃO DE VIATURAS;NACIONAL;ENTREGA IMEDIATA;2020NE806533
118;120195;CENTRO DE AQUISIÇÕES ESPECÍFICAS;R$ 0,00; NÃO SE APLICA ;R$ 5.337.322,48;R$ 0,00;IAS INDUSTRIA DE AVIACAO E SERVICOS S/A;5116872/0001-33;MANUTENÇÃO DE AERONAVES;NACIONAL;ENTREGA IMEDIATA;2020NE806555
119;120634;GRUPAMENTO DE APOIO DE BARBACENA;R$ 0,00;NÃO SE APLICA;R$ 384.020,86;R$ 0,00;SERV RIO TERCEIRIZAÇÃO E SERVIÇOS LTDA – ME;10.479.861/0001-58;CONTRATAÇÃO DE SERVIÇO EMERGENCIAL LIMPEZA E CONSERVAÇÃO;MINAS GERAIS;13/07/2020 a 13/01/2021;2020NE800437  2020NE800441
120;120635;GRUPAMENTO DE APOIO DE GUARATINGUETÁ;R$ 71.790,31; NÃO SE APLICA  ;R$ 13.971,41;R$ 0,00;LAFT COMERCIO DE MATERIAIS PARA DIAGNOSTICOS LABORATORIAIS;02.531.792/0001-56;REAGENTE PARA DIAGNÓSTICO CLÍNICO 7;SÃO PAULO;ENTREGA IMEDIATA;2020NE801154
121;120635;GRUPAMENTO DE APOIO DE GUARATINGUETÁ;R$ 57.818,90; NÃO SE APLICA ;R$ 3.040,00;R$ 0,00;M. DI BUONO RIATO EIRELI;01.154.761/0001-60;TUBO PARA COLETA DE AMOSTRA BIOLÓGICA;SÃO PAULO;ENTREGA IMEDIATA;2020NE801155
122;120635;GRUPAMENTO DE APOIO DE GUARATINGUETÁ;R$ 54.778,90; NÃO SE APLICA ;R$ 700,00;R$ 0,00;PRO J VENDAS EIRELI;25.261.528/0001-45;AGULHA COLETA SANGUE À VÁCUO;SÃO PAULO;ENTREGA IMEDIATA;2020NE801156
123;120635;GRUPAMENTO DE APOIO DE GUARATINGUETÁ;R$ 54.078,90; NÃO SE APLICA ;R$ 5.733,00;R$ 0,00;SINEZIO DE OLIVEIRA PINTO;13.839.148/0001-66;MATERIAL PARA COLETA DE AMOSTRA BIOLÓGICA;SÃO PAULO;ENTREGA IMEDIATA;2020NE801157
124;120635;GRUPAMENTO DE APOIO DE GUARATINGUETÁ;R$ 48.345,90; NÃO SE APLICA ;R$ 320,00;R$ 0,00;DIAG SOLUTION ARTIGOS MEDICOS LTDA;12.021.151/0001-05;REAGENTE PARA DIAGNÓSTICO CLÍNICO 5;SÃO PAULO;ENTREGA IMEDIATA;2020NE801158
125;120635;GRUPAMENTO DE APOIO DE GUARATINGUETÁ;R$ 48.025,90; NÃO SE APLICA ;R$ 12,30;R$ 0,00;MEDICAL CHIZZOLINI LTDA;25.067.657/0001-05;LÂMINA LABORATÓRIO;SÃO PAULO;ENTREGA IMEDIATA;2020NE801159
126;120635;GRUPAMENTO DE APOIO DE GUARATINGUETÁ;R$ 48.013,60; NÃO SE APLICA ;R$ 160,00;R$ 0,00;DIAG SOLUTION ARTIGOS MEDICOS LTDA;12.021.151/0001-05;"REAGENTE PARA DIAGNÓSTICO CLÍNICO 5 DE PROTEÍNA ""C"" REATIVA";SÃO PAULO;ENTREGA IMEDIATA;2020NE801160
127;120635;GRUPAMENTO DE APOIO DE GUARATINGUETÁ;R$ 47.853,60; NÃO SE APLICA ;R$ 350,00;R$ 0,00;AGLON COMERCIO E REPRESENTAÇÕES LTDA;65.817.900/0001-71;CLARITROMICINA, DOSAGEM 500 MG;SÃO PAULO;ENTREGA IMEDIATA;2020NE801164
128;120635;GRUPAMENTO DE APOIO DE GUARATINGUETÁ;R$ 47.503,60; NÃO SE APLICA ;R$ 526,00;R$ 0,00;CAPROMED FARMACEUTICA LTDA;13.085.369/0001-96;CLORETO DE SÓDIO SOLUÇÃO INJETÁVEL;SÃO PAULO;ENTREGA IMEDIATA;2020NE801165
129;120635;GRUPAMENTO DE APOIO DE GUARATINGUETÁ;R$ 46.977,60; NÃO SE APLICA ;R$ 759,60;R$ 0,00;CHRISPIM NEDI CARRILHO EIRELI;01.402.400/0001-96;ENOXAPARINA, CONCENTRAÇÃO 100 MG/ML;SÃO PAULO;ENTREGA IMEDIATA;2020NE801166
130;120635;GRUPAMENTO DE APOIO DE GUARATINGUETÁ;R$ 46.218,00; NÃO SE APLICA ;R$ 1.699,30;R$ 0,00;MEDICOM EIRELI;22.635.177/0001-05;ENOXAPARINA, CONCENTRAÇÃO 100 MG/ML;SÃO PAULO;ENTREGA IMEDIATA;2020NE801167
131;120635;GRUPAMENTO DE APOIO DE GUARATINGUETÁ;R$ 44.518,70; NÃO SE APLICA ;R$ 573,75;R$ 0,00;ADL MED COMERCIO DE MEDICAMENTOS LTDA;31.097.402/0001-80;HEPARINA SÓDICA, DOSAGEM 5.000UI/ML;SÃO PAULO;ENTREGA IMEDIATA;2020NE801168
132;120635;GRUPAMENTO DE APOIO DE GUARATINGUETÁ;R$ 43.944,95; NÃO SE APLICA ;R$ 214,50;R$ 0,00;MEDMAX COMERCIO DE MEDICAMENTOS LTDA - ME;16.553.940/0001-48;METILPREDNISOLONA DOSAGEM 500 MG;SÃO PAULO;ENTREGA IMEDIATA;2020NE801169
133;120635;GRUPAMENTO DE APOIO DE GUARATINGUETÁ;R$ 43.730,45; NÃO SE APLICA ;R$ 210,00;R$ 0,00;MEDIMAC COMERCIO DE ARTIGOS MEDICOS LTDA;03.596.923/0001-46;PIPERACILINA INJETÁVEL;SÃO PAULO;ENTREGA IMEDIATA;2020NE801170
134;120635;GRUPAMENTO DE APOIO DE GUARATINGUETÁ;R$ 43.520,45; NÃO SE APLICA ;R$ 15,00;R$ 0,00;CAPROMED FARMACEUTICA LTDA;13.085.369/0001-96;CLORETO DE SÓDIO, PRINCÍPIO ATIVO 0,9;SÃO PAULO;ENTREGA IMEDIATA;2020NE801171
135;120635;GRUPAMENTO DE APOIO DE GUARATINGUETÁ;R$ 43.505,45; NÃO SE APLICA ;R$ 5,00;R$ 0,00;CAPROMED FARMACEUTICA LTDA;13.085.369/0001-97;CLORETO DE SÓDIO, PRINCÍPIO ATIVO 0,9;SÃO PAULO;ENTREGA IMEDIATA;2020NE801172
136;120635;GRUPAMENTO DE APOIO DE GUARATINGUETÁ;R$ 43.500,45; NÃO SE APLICA ;R$ 280,00;R$ 0,00;CLAUDETE VALE DINARDI;08.338.868/0001-08;AGULHA HIPODÉRMICA;SÃO PAULO;ENTREGA IMEDIATA;2020NE801173
137;120635;GRUPAMENTO DE APOIO DE GUARATINGUETÁ;R$ 43.220,45; NÃO SE APLICA ;R$ 947,65;R$ 0,00;DIPROM - DISTRIBUIDORA DE PRODUTOS ODONTOLOGICOS E MATERIAIS LTDA;16.366.888/0001-10;TUBO ENDOTRAQUIAL;SÃO PAULO;ENTREGA IMEDIATA;2020NE801174
138;120635;GRUPAMENTO DE APOIO DE GUARATINGUETÁ;R$ 42.272,80; NÃO SE APLICA ;R$ 144,00;R$ 0,00;PRIOM TECNOLOGIA EM EQUIPAMENTOS EIRELI;11.619.992/0001-56;MÁSCARA GASOTERAPIA;SÃO PAULO;ENTREGA IMEDIATA;2020NE801175
139;120635;GRUPAMENTO DE APOIO DE GUARATINGUETÁ;R$ 42.128,80; NÃO SE APLICA ;R$ 859,50;R$ 0,00;ALECHSSANDRA R ESSETI OLIVEIRA;25.386.146/0001-48;MONITOR PORTÁTIL PARA ANÁLISE GLICOSE / ESTETOSCÓPIO;SÃO PAULO;ENTREGA IMEDIATA;2020NE801176
140;120635;GRUPAMENTO DE APOIO DE GUARATINGUETÁ;R$ 41.269,30; NÃO SE APLICA ;R$ 390,00;R$ 0,00;BRAVERY INDUSTRIA E COMERCIO DE PRODUTOS DE HIGIENE E LIMPEZA;02.456.074/0001-62;SAPATILHA HOSPITALAR;SÃO PAULO;ENTREGA IMEDIATA;2020NE801177
141;120635;GRUPAMENTO DE APOIO DE GUARATINGUETÁ;R$ 40.879,30; NÃO SE APLICA ;R$ 60,65;R$ 0,00;SÃO BERNARDO COMERCIO DE PRODUTOS PARA SAUDE EIRELI;23.015.239/0001-30;TERMÔMETRO CLÍNICO;SÃO PAULO;ENTREGA IMEDIATA;2020NE801178
142;120635;GRUPAMENTO DE APOIO DE GUARATINGUETÁ;R$ 40.818,65; NÃO SE APLICA ;R$ 170,00;R$ 0,00;CASA DA INSTRUMENTAÇÃO LTDA - EPP;09.255.284/0001-31;TERMÔMETRO, TIPO LASER DIGITAL;SÃO PAULO;ENTREGA IMEDIATA;2020NE801179
143;120635;GRUPAMENTO DE APOIO DE GUARATINGUETÁ;R$ 40.648,65; NÃO SE APLICA ;R$ 980,00;R$ 0,00;MACRO LIFE IMPORTADORA DE PRODUTOS MEDICOS - EIRELI;05.022.486/0001-82;ESFIGMOMANÔMETRO, AJUSTE ANALÓGICO DE COLUNA;SÃO PAULO;ENTREGA IMEDIATA;2020NE801180
144;120635;GRUPAMENTO DE APOIO DE GUARATINGUETÁ;R$ 39.668,65; NÃO SE APLICA ;R$ 141,75;R$ 0,00;MEDEFE PRODUTOSMEDICO-HOSPITALARES LTDA;25.463.374/0001-74;ESFIGMOMANÔMETRO, AJUSTE ANALÓGICO, ANERÓIDE, TIPO* DE BRAÇO;SÃO PAULO;ENTREGA IMEDIATA;2020NE801181
145;120635;GRUPAMENTO DE APOIO DE GUARATINGUETÁ;R$ 39.526,90; NÃO SE APLICA ;R$ 79,60;R$ 0,00;CENTROVALE SOLUÇÕES PARA SAUDE;53.611.125/0001-14;FRALDA DESCARTÁVEL;SÃO PAULO;ENTREGA IMEDIATA;2020NE801182
146;120635;GRUPAMENTO DE APOIO DE GUARATINGUETÁ;R$ 39.447,30; NÃO SE APLICA ;R$ 452,30;R$ 0,00;DIPROM - DISTRIBUIDORA DE PRODUTOS ODONTOLOGICOS E MATERIAIS LTDA;16.366.888/0001-10;FLUXÔMETRO;SÃO PAULO;ENTREGA IMEDIATA;2020NE801183
147;120635;GRUPAMENTO DE APOIO DE GUARATINGUETÁ;R$ 38.995,00; NÃO SE APLICA ;R$ 9.595,00;R$ 0,00;VALE DIAGNOSTICOS LTDA - EPP;23.980.789/0001-90;PEÇAS PARA ANALISADOR HEMATOLÓGICO;SÃO PAULO;ENTREGA IMEDIATA;2020NE801184
148;120635;GRUPAMENTO DE APOIO DE GUARATINGUETÁ;R$ 29.400,00; NÃO SE APLICA ;R$ 29.400,00;R$ 0,00;KONIMAGEM COMERCIAL LTDA;58.598.368/0001-83;PEÇA/ACESSÓRIO PROCESSAMENTO IMAGEM RADIOLÓGICA, TIPO CASSETE CR MD4.0;SÃO PAULO;ENTREGA IMEDIATA;2020NE801301
149;120643;GRUPAMENTO DE APOIO DE SANTA MARIA;R$ 0,00; NÃO SE APLICA ;R$ 84.888,48;R$ 42.444,24;KONIMAGEM COMERCIAL LTDA;18.527.195/0001-98;LAVA LOUÇAS;RIO GRANDE DO SUL;ENTREGA IMEDIATA;2020NE800069
150;120039;GRUPAMENTO DE APOIO DO RIO DE JANEIRO;R$ 0,00; NÃO SE APLICA ;R$ 1.239,60;R$ 0,00;JMZ SOLUCOES E ASSESSORIA EM ENGENHARIA EIRELI;34.702.009/0001-66;AQUISIÇÃO DE DISPENSER HIGIENIZADOR;RIO DE JANEIRO;ENTREGA IMEDIATA;2020NE801094
151;120638;GRUPAMENTO DE APOIO DE CAMPO GRANDE;R$ 0,00; NÃO SE APLICA ;R$ 31.405,70;R$ 21.706,10;NÃO SE APLICA;NÃO SE APLICA ;DIARIAS DE MILITARES DA ALA-5;NACIONAL;NÃO SE APLICA;2020NE000019
152;120638;GRUPAMENTO DE APOIO DE CAMPO GRANDE;R$ 0,00; NÃO SE APLICA ;R$ 39.248,70;R$ 37.535,80;NÃO SE APLICA;NÃO SE APLICA ;ATENDER DIARIAS DO 1/15 GAV E DO 2/10 GAV EM APOIO A OP COVID 19;NACIONAL;NÃO SE APLICA;2020NE000053
153;120638;GRUPAMENTO DE APOIO DE CAMPO GRANDE;R$ 0,00; NÃO SE APLICA ;R$ 106.925,25;R$ 0,00;NÃO SE APLICA;NÃO SE APLICA;ATENDER DIARIAS DE MILITARES DA ALA-5;NACIONAL;NÃO SE APLICA;2020NE000089 2020NE000095 2020NE000102 2020NE000103
154;120638;GRUPAMENTO DE APOIO DE CAMPO GRANDE;R$ 66.126,46; NÃO SE APLICA ;R$ 4.500,00;R$ 0,00;CRISTALIA PRODUTOS QUIMICOS FARMACEUTICOS LTDA;44.734.671/0001-51;MEDICAMENTOS PARA O ES-CG;MATO GROSSO DO SUL;ENTREGA IMEDIATA;2020NE800800
155;120638;GRUPAMENTO DE APOIO DE CAMPO GRANDE;R$ 62.137,96; NÃO SE APLICA ;R$ 3.988,50;R$ 0,00;CIRURGICA MS LTDA;10.656.587/0001-45;MEDICAMENTOS PARA O ES-CG;MATO GROSSO DO SUL;ENTREGA IMEDIATA;2020NE800801
156;120638;GRUPAMENTO DE APOIO DE CAMPO GRANDE;R$ 59.339,96; NÃO SE APLICA ;R$ 2.798,00;R$ 0,00;TERRA SUL COMERCIO DE MEDICAMENTOS LTDA;32.364.822/0001-48;MEDICAMENTOS PARA O ES-CG;MATO GROSSO DO SUL;ENTREGA IMEDIATA;2020NE800802
157;120638;GRUPAMENTO DE APOIO DE CAMPO GRANDE;R$ 55.499,96; NÃO SE APLICA ;R$ 3.840,00;R$ 0,00;DISTRIBUIDORA DE MEDICAMENTOS PRO SAUDE LTDA;08.676.370/0001-55;MEDICAMENTOS PARA O ES-CG;MATO GROSSO DO SUL;ENTREGA IMEDIATA;2020NE800803
158;120638;GRUPAMENTO DE APOIO DE CAMPO GRANDE;R$ 51.609,96; NÃO SE APLICA ;R$ 3.890,00;R$ 0,00;A FAVARIN DISTRIBUIDORA LTDA;18.702.558/0001-84;MATERIAL MEDICO HOSPITALR PARA O ES-CG;MATO GROSSO DO SUL;ENTREGA IMEDIATA;2020NE800860
159;120638;GRUPAMENTO DE APOIO DE CAMPO GRANDE;R$ 50.650,76; NÃO SE APLICA ;R$ 959,20;R$ 0,00;PRIORITTA PRODUTOS HOSPITALARES - EIRELI;29.700.587/0001-23;MATERIAL MEDICO HOSPITALR PARA O ES-CG;MATO GROSSO DO SUL;ENTREGA IMEDIATA;2020NE800861
160;120638;GRUPAMENTO DE APOIO DE CAMPO GRANDE;R$ 49.550,76; NÃO SE APLICA ;R$ 1.100,00;R$ 0,00;CIRURGICA ITAMBE - EIRELI;26.847.096/0001-11;MATERIAL MEDICO HOSPITALR PARA O ES-CG;MATO GROSSO DO SUL;ENTREGA IMEDIATA;2020NE800862
161;120638;GRUPAMENTO DE APOIO DE CAMPO GRANDE;R$ 49.480,76; NÃO SE APLICA ;R$ 70,00;R$ 0,00;CREMER S.A.;82.641.325/0021-61;MATERIAL MEDICO HOSPITALR PARA O ES-CG;MATO GROSSO DO SUL;ENTREGA IMEDIATA;2020NE800863
162;120638;GRUPAMENTO DE APOIO DE CAMPO GRANDE;R$ 46.286,76; NÃO SE APLICA ;R$ 3.194,00;R$ 0,00;EXITUSMED COMERCIO DE PRODUTOS MEDICO HOSPITALARES LTDA;10.855.398/0001-00;MATERIAL MEDICO HOSPITALR PARA O ES-CG;MATO GROSSO DO SUL;ENTREGA IMEDIATA;2020NE800888
163;120638;GRUPAMENTO DE APOIO DE CAMPO GRANDE;R$ 45.966,76; NÃO SE APLICA ;R$ 320,00;R$ 0,00;MEDPLUS COMERCIO DE ARTIGOS MEDICOS LTDA;01.706.665/0001-88;MATERIAL MEDICO HOSPITALR PARA O ES-CG;MATO GROSSO DO SUL;ENTREGA IMEDIATA;2020NE800889
164;120016;GRUPAMENTO DE APOIO DE SÃO JOSÉ DOS CAMPOS;R$ 0,00;NÃO SE APLICA;R$ 11.217,00;R$ 0,00;BRAVERY INDUSTRIA E COMERCIO DE PRODUTOS DE HIGIENE E L;02.456.074/0001-62;ÓCULOS E ALCOOL ETILICO;SÃO PAULO;ENTREGA IMEDIATA;2020NE800392
160;120638;GRUPAMENTO DE APOIO DE CAMPO GRANDE;R$ 49.550,76; NÃO SE APLICA ;R$ 1.100,00;R$ 0,00;CIRURGICA ITAMBE - EIRELI;26.847.096/0001-11;MATERIAL MEDICO HOSPITALR PARA O ES-CG;MATO GROSSO DO SUL;ENTREGA IMEDIATA;2020NE800862
161;120638;GRUPAMENTO DE APOIO DE CAMPO GRANDE;R$ 49.480,76; NÃO SE APLICA ;R$ 70,00;R$ 0,00;CREMER S.A.;82.641.325/0021-61;MATERIAL MEDICO HOSPITALR PARA O ES-CG;MATO GROSSO DO SUL;ENTREGA IMEDIATA;2020NE800863
162;120638;GRUPAMENTO DE APOIO DE CAMPO GRANDE;R$ 46.286,76; NÃO SE APLICA ;R$ 3.194,00;R$ 0,00;EXITUSMED COMERCIO DE PRODUTOS MEDICO HOSPITALARES LTDA;10.855.398/0001-00;MATERIAL MEDICO HOSPITALR PARA O ES-CG;MATO GROSSO DO SUL;ENTREGA IMEDIATA;2020NE800888
163;120638;GRUPAMENTO DE APOIO DE CAMPO GRANDE;R$ 45.966,76; NÃO SE APLICA ;R$ 320,00;R$ 0,00;MEDPLUS COMERCIO DE ARTIGOS MEDICOS LTDA;01.706.665/0001-88;MATERIAL MEDICO HOSPITALR PARA O ES-CG;MATO GROSSO DO SUL;ENTREGA IMEDIATA;2020NE800889
164;120016;GRUPAMENTO DE APOIO DE SÃO JOSÉ DOS CAMPOS;R$ 0,00; NÃO SE APLICA ;R$ 11.217,00;R$ 0,00;BRAVERY INDUSTRIA E COMERCIO DE PRODUTOS DE HIGIENE E L;02.456.074/0001-62;ÓCULOS E ALCOOL ETILICO;SÃO PAULO;ENTREGA IMEDIATA;2020NE800392
165;120016;GRUPAMENTO DE APOIO DE SÃO JOSÉ DOS CAMPOS;R$ 0,00; NÃO SE APLICA ;R$ 32.740,00;R$ 32.740,00;NEUPHARMA DISTRIBUICAO DE MATERIAL MEDICO HOSPITALAR LT;21.487.927/0001-78;AVENTAL;SÃO PAULO;ENTREGA IMEDIATA;2020NE800426
166;120016;GRUPAMENTO DE APOIO DE SÃO JOSÉ DOS CAMPOS;R$ 0,00; NÃO SE APLICA ;R$ 4.303,80;R$ 4.303,80;MED CHOICE PRODUTO MEDICO HOSPITALAR LTDA - EPP;05.859.032/0001-60;TERMÔMETRO;SÃO PAULO;ENTREGA IMEDIATA;2020NE800407
167;120016;GRUPAMENTO DE APOIO DE SÃO JOSÉ DOS CAMPOS;R$ 0,00; NÃO SE APLICA ;R$ 7.651,00;R$ 0,00;BRAVERY INDUSTRIA E COMERCIO DE PRODUTOS DE HIGIENE E L;02.456.074/0001-62;ÓCULOS;SÃO PAULO;ENTREGA IMEDIATA;2020NE800393
168;120016;GRUPAMENTO DE APOIO DE SÃO JOSÉ DOS CAMPOS;R$ 0,00; NÃO SE APLICA ;R$ 1.971,00;R$ 1.971,00;BRAVERY INDUSTRIA E COMERCIO DE PRODUTOS DE HIGIENE E L;02.456.074/0001-62;MPASCARA;SÃO PAULO;ENTREGA IMEDIATA;2020NE800624
169;120016;GRUPAMENTO DE APOIO DE SÃO JOSÉ DOS CAMPOS;R$ 0,00; NÃO SE APLICA ;R$ 2.376,00;R$ 2.376,00;COMERCIAL VIC-MAFER LTDA;01.969.638/0001-06;LUVA NITRILICA;SÃO PAULO;ENTREGA IMEDIATA;2020NE800512
170;120016;GRUPAMENTO DE APOIO DE SÃO JOSÉ DOS CAMPOS;R$ 0,00; NÃO SE APLICA ;R$ 14.112,00;R$ 14.112,00;PONTUAL HOSPITALAR EIRELI;24.382.535/0001-32;REMÉDIOS;SÃO PAULO;ENTREGA IMEDIATA;2020NE800420
171;120016;GRUPAMENTO DE APOIO DE SÃO JOSÉ DOS CAMPOS;R$ 0,00; NÃO SE APLICA ;R$ 432,00;R$ 432,00;COMERCIAL VIC-MAFER LTDA;01.969.638/0001-06;LAVADORA DE ALTA PRESSÃO;SÃO PAULO;ENTREGA IMEDIATA;2020NE800513
172;120016;GRUPAMENTO DE APOIO DE SÃO JOSÉ DOS CAMPOS;R$ 0,00; NÃO SE APLICA ;R$ 1.199,00;R$ 1.199,00;COMERCIAL VIC-MAFER LTDA;01.969.638/0001-06;SACO DE LIXO;SÃO PAULO;ENTREGA IMEDIATA;2020NE800515
173;120016;GRUPAMENTO DE APOIO DE SÃO JOSÉ DOS CAMPOS;R$ 0,00; NÃO SE APLICA ;R$ 840,00;R$ 840,00;CPV MAQUINAS E JARDINS LTDA.;21.774.786/0001-74;PULVERIZADOR;SÃO PAULO;ENTREGA IMEDIATA;2020NE800514
174;120016;GRUPAMENTO DE APOIO DE SÃO JOSÉ DOS CAMPOS;R$ 0,00; NÃO SE APLICA ;R$ 419,15;R$ 419,15;CPV MAQUINAS E JARDINS LTDA.;21.774.786/0001-74;LUZ DE EMERGÊNCIA;SÃO PAULO;ENTREGA IMEDIATA;2020NE800517
175;120016;GRUPAMENTO DE APOIO DE SÃO JOSÉ DOS CAMPOS;R$ 0,00; NÃO SE APLICA ;R$ 989,50;R$ 989,50;CSTEC COMERCIO DE MATERIAIS EIRELI;30.306.579/0001-86;SIRENE;SÃO PAULO;ENTREGA IMEDIATA;2020NE800518
176;120016;GRUPAMENTO DE APOIO DE SÃO JOSÉ DOS CAMPOS;R$ 0,00; NÃO SE APLICA ;R$ 780,00;R$ 780,00;NAIR CONCEICAO ROSSATTO BENATTI MOGI MIRIM;04.004.878/0001-56;BOTAS;SÃO PAULO;ENTREGA IMEDIATA;2020NE800516
177;120016;GRUPAMENTO DE APOIO DE SÃO JOSÉ DOS CAMPOS;R$ 0,00; NÃO SE APLICA ;R$ 233,50;R$ 233,50;SAFELLE & SAFELLE EIRELI;28.270.001/0001-75;HIPOCLORITO;SÃO PAULO;ENTREGA IMEDIATA;2020NE800519
178;120016;GRUPAMENTO DE APOIO DE SÃO JOSÉ DOS CAMPOS;R$ 0,00; NÃO SE APLICA ;R$ 4.170,00;R$ 4.170,00;ENGEGASES MAQUINAS, EQUIPAMENTOS E COMERCIO EIRELI;33.902.678/0001-19;MATERIAIS PARA RESPIRADOR;SÃO PAULO;ENTREGA IMEDIATA;2020NE800442
179;120016;GRUPAMENTO DE APOIO DE SÃO JOSÉ DOS CAMPOS;R$ 0,00; NÃO SE APLICA ;R$ 6.239,16;R$ 6.239,16;AIR LIQUIDE BRASIL LTDA;00.331.788/0029-10;MATERIAIS PARA RESPIRADOR;SÃO PAULO;ENTREGA IMEDIATA;2020NE800443
180;120016;GRUPAMENTO DE APOIO DE SÃO JOSÉ DOS CAMPOS;R$ 0,00; NÃO SE APLICA ;R$ 1.800,00;R$ 1.800,00;CEI COMERCIO EXPORTACAO E IMP DE MAT MEDICOS LTDA;40.175.705/0001-64;MATERIAIS PARA RESPIRADOR;SÃO PAULO;ENTREGA IMEDIATA;2020NE800888
181;120016;GRUPAMENTO DE APOIO DE SÃO JOSÉ DOS CAMPOS;R$ 0,00; NÃO SE APLICA ;R$ 2.220,00;R$ 2.220,00;ENGEGASES MAQUINAS, EQUIPAMENTOS E COMERCIO EIRELI;33.902.678/0001-19;MATERIAIS PARA RESPIRADOR;SÃO PAULO;ENTREGA IMEDIATA;2020NE800441
182;120016;GRUPAMENTO DE APOIO DE SÃO JOSÉ DOS CAMPOS;R$ 0,00; NÃO SE APLICA ;R$ 720,00;R$ 720,00;SANOVIE INTERNATIONAL TRADE EIRELI;07.167.191/0001-20;MATERIAIS PARA RESPIRADOR;SÃO PAULO;ENTREGA IMEDIATA;2020NE800554
183;120016;GRUPAMENTO DE APOIO DE SÃO JOSÉ DOS CAMPOS;R$ 0,00; NÃO SE APLICA ;R$ 711,81;R$ 711,81;TECNOCLIN ELETRONICA LTDA;64.765.548/0001-05;MATERIAIS PARA RESPIRADOR;SÃO PAULO;ENTREGA IMEDIATA;2020NE800553
184;120016;GRUPAMENTO DE APOIO DE SÃO JOSÉ DOS CAMPOS;R$ 0,00; NÃO SE APLICA ;R$ 310,00;R$ 310,00;ALQUILABOR COMERCIAL LTDA;01.351.837/0001-48;MATERIAIS PARA PRODUÇÃO;SÃO PAULO;ENTREGA IMEDIATA;2020NE800643
185;120016;GRUPAMENTO DE APOIO DE SÃO JOSÉ DOS CAMPOS;R$ 0,00; NÃO SE APLICA ;R$ 412,00;R$ 412,00;DUTRAL ARTIGOS PARA LABORATORIOS LTDA - EPP;01.909.477/0001-57;MATERIAIS PARA PRODUÇÃO;SÃO PAULO;ENTREGA IMEDIATA;2020NE800841
186;120016;GRUPAMENTO DE APOIO DE SÃO JOSÉ DOS CAMPOS;R$ 0,00; NÃO SE APLICA ;R$ 1.550,00;R$ 1.550,00;ER DO BRASIL INDUSTRIA E COMERCIO DE PRODUTOS QUIMICOS;17.700.001/0001-41;MATERIAIS PARA PRODUÇÃO;SÃO PAULO;ENTREGA IMEDIATA;2020NE800644
187;120016;GRUPAMENTO DE APOIO DE SÃO JOSÉ DOS CAMPOS;R$ 0,00; NÃO SE APLICA ;R$ 19.960,00;R$ 19.960,00;TECNAL INDUSTRIA, COMERCIO, IMPORTACAO E EXPORTACAO DE;47.010.566/0001-68;MATERIAIS PARA PRODUÇÃO;SÃO PAULO;ENTREGA IMEDIATA;2020NE800562
188;120016;GRUPAMENTO DE APOIO DE SÃO JOSÉ DOS CAMPOS;R$ 0,00; NÃO SE APLICA ;R$ 8.988,20;R$ 8.988,20;NEOMEDICAL TECNICA LTDA;13.604.060/0001-65;MANUTENÇÃO DE EQUIPAMENTO;SÃO PAULO;ENTREGA IMEDIATA;2020NE800556
189;120016;GRUPAMENTO DE APOIO DE SÃO JOSÉ DOS CAMPOS;R$ 0,00; NÃO SE APLICA ;R$ 9.455,00;R$ 9.455,00;COELHO COMERCIO & INSTALACOES DE GASES LTDA;16.981.285/0001-29;SERVIÇO DE ADEQUAÇÃO DE REDE DE GÁS;SÃO PAULO;ENTREGA IMEDIATA;2020NE800555
190;120016;GRUPAMENTO DE APOIO DE SÃO JOSÉ DOS CAMPOS;R$ 0,00; NÃO SE APLICA ;R$ 8.523,80;R$ 587,93;PRODUMED - SERVICOS,INDUSTRIA E COMERCIO LTDA.;55.634.901/0001-27;ESTERILIZAÇÃO;SÃO PAULO;ENTREGA IMEDIATA;2020NE800574
191;120016;GRUPAMENTO DE APOIO DE SÃO JOSÉ DOS CAMPOS;R$ 0,00; NÃO SE APLICA ;R$ 27.675,00;R$ 27.675,00;GRATTANO DISTRIBUIDORA DE ARTIGOS INDUSTRIAIS LTDA;26.408.191/0001-19;EPI;SÃO PAULO;ENTREGA IMEDIATA;2020NE800369
192;120016;GRUPAMENTO DE APOIO DE SÃO JOSÉ DOS CAMPOS;R$ 0,00; NÃO SE APLICA ;R$ 7.200,00;R$ 7.200,00;CENTROVALE SOLUCOES PARA SAUDE EIRELI;53.611.125/0001-14;MÁSCARA;SÃO PAULO;ENTREGA IMEDIATA;2020NE800364
193;120016;GRUPAMENTO DE APOIO DE SÃO JOSÉ DOS CAMPOS;R$ 0,00; NÃO SE APLICA ;R$ 68.420,76;R$ 68.420,76;GRATTANO DISTRIBUIDORA DE ARTIGOS INDUSTRIAIS LTDA;26.408.191/0001-19;VESTIMENTA DESCARTÁVEL;SÃO PAULO;ENTREGA IMEDIATA;2020NE800373
194;120016;GRUPAMENTO DE APOIO DE SÃO JOSÉ DOS CAMPOS;R$ 0,00; NÃO SE APLICA ;R$ 9.000,00;R$ 0,00;NEW ORTHO COMERCIO DE PRODUTOS MEDICOS HOSPITALARES LTD;19.053.897/0001-40;VESTIMENTA DESCARTÁVEL;SÃO PAULO;ENTREGA IMEDIATA;2020NE800372
195;120016;GRUPAMENTO DE APOIO DE SÃO JOSÉ DOS CAMPOS;R$ 0,00; NÃO SE APLICA ;R$ 42.800,00;R$ 0,00;INDUSTRIA DE CONFECCOES K-DU EIRELI;10.424.098/0001-68;AVENTAL;SÃO PAULO;ENTREGA IMEDIATA;2020NE801557
196;120016;GRUPAMENTO DE APOIO DE SÃO JOSÉ DOS CAMPOS;R$ 0,00; NÃO SE APLICA ;R$ 7.200,00;R$ 0,00;SUPER EPI EQUIPAMENTOS DE PROTECAO INDIVIDUAL EIRELI;26.558.821/0001-84;MÁSCARA;SÃO PAULO;ENTREGA IMEDIATA;2020NE801558
197;120630;GRUPAMENTO DE APOIO DE MANAUS;R$ 0,00; NÃO SE APLICA ;R$ 23.100,00;R$ 23.100,00;PIRES & PIRES LTDA – EPP;04.970.729/0001-41;AQUISIÇÃO DE ÁLCOOL EM GEL – GALÃO 5L;AMAZONAS;ENTREGA IMEDIATA;2020NE000234 2020NE800324
198;120630;GRUPAMENTO DE APOIO DE MANAUS;R$ 0,00; NÃO SE APLICA ;R$ 43.450,00;R$ 43.450,00;VALTER FERREIRA BRANDÃO;34.498.690/0001-72;AQUISIÇÃO DE MÁSCARAS LAVÁVEIS ;AMAZONAS;ENTREGA IMEDIATA;2020NE800532 2020NE800543
199;120630;GRUPAMENTO DE APOIO DE MANAUS;R$ 24.700,00; NÃO SE APLICA ;R$ 49.400,00;R$ 24.700,00;LIMPAMAIS SERVIÇOS DE LIMPEZA EIRELI – EPP;06.056.855/0001-10;LIMPEZA HOSPITALAR NOS LOCAIS DA EQUIPE AEROMÉDICA NA ALA 8;AMAZONAS;14/05/2020 a 14/07/2020;2020NE800479
200;120630;GRUPAMENTO DE APOIO DE MANAUS;R$ 24.930,00; NÃO SE APLICA ;R$ 24.930,00;R$ 0,00;NOVA BIOMEDICAL;18.271.934/0001-23;REAGENTE PARA DIAGNÓSTICO CLÍNICO;AMAZONAS;ENTREGA IMEDIATA; 2020NE800482
201;120630;GRUPAMENTO DE APOIO DE MANAUS;R$ 0,00; NÃO SE APLICA ;R$ 1.150,50;R$ 1.150,50;NÃO SE APLICA;NÃO SE APLICA;DIÁRIAS – ALA 8;AMAZONAS;NÃO SE APLICA;2020NE000014
202;120630;GRUPAMENTO DE APOIO DE MANAUS;R$ 0,00; NÃO SE APLICA ;R$ 1.805,40;R$ 1.805,40;NÃO SE APLICA;NÃO SE APLICA;DIÁRIAS – ALA 8;AMAZONAS;NÃO SE APLICA;2020NE000050
203;120630;GRUPAMENTO DE APOIO DE MANAUS;R$ 346,25; NÃO SE APLICA ;R$ 5.000,00;R$ 4.653,75;NÃO SE APLICA;NÃO SE APLICA;DIÁRIAS – ALA 8;AMAZONAS;NÃO SE APLICA;2020NE000051
204;120630;GRUPAMENTO DE APOIO DE MANAUS;R$ 2.655,00; NÃO SE APLICA ;R$ 2.655,00;R$ 0,00;NÃO SE APLICA;NÃO SE APLICA;DIÁRIAS – ALA 8;AMAZONAS;NÃO SE APLICA;2020NE000100
205;120630;GRUPAMENTO DE APOIO DE MANAUS;R$ 6.358,85; NÃO SE APLICA ;R$ 6.358,85;R$ 0,00;NÃO SE APLICA;NÃO SE APLICA;DIÁRIAS – ALA 8;AMAZONAS;NÃO SE APLICA;2020NE000104
206;120090;COMISSÃO AERONÁUTICA BRASILEIRA EM WASHINGTON;$0,00; NÃO SE APLICA ;R$ 4.265,36;R$ 0,00;RUBICON COMMUNICATIONS, LLC.;NÃO SE APLICA;  MATERIAL DE TIC (PERMANENTE);WASHINGTON/DC;07 dias;2020NE002491
207;120090;COMISSÃO AERONÁUTICA BRASILEIRA EM WASHINGTON;$0,00; NÃO SE APLICA ;R$ 3.216,00;R$ 0,00;RUBICON COMMUNICATIONS, LLC.;NÃO SE APLICA;MATERIAL DE TIC (PERMANENTE);WASHINGTON/DC;07 dias;2020NE002492
208;120090;COMISSÃO AERONÁUTICA BRASILEIRA EM WASHINGTON;$0,00; NÃO SE APLICA ;R$ 910,59;R$ 0,00;RUBICON COMMUNICATIONS, LLC.;NÃO SE APLICA;MATERIAL DE TIC (PERMANENTE);WASHINGTON/DC;10 dias;2020NE005834
209;120090;COMISSÃO AERONÁUTICA BRASILEIRA EM WASHINGTON;$0,00; NÃO SE APLICA ;R$ 248.797,00;R$ 248.797,00;ALASKA STRUCTURES INC.;NÃO SE APLICA;EQUIPAMENTOS DE MANOBRA E PATRIMÔNIO;WASHINGTON/DC;60 dias;2020NE001181
210;120090;COMISSÃO AERONÁUTICA BRASILEIRA EM WASHINGTON;$0,00; NÃO SE APLICA ;R$ 24.000,00;R$ 24.000,00;ALASKA STRUCTURES INC.;NÃO SE APLICA;EQUIPAMENTOS DE MANOBRA E PATRIMÔNIO;WASHINGTON/DC;60 dias;2020NE001183
211;120090;COMISSÃO AERONÁUTICA BRASILEIRA EM WASHINGTON;$0,00; NÃO SE APLICA ;R$ 157.455,25;R$ 157.455,25;LOSBERGER SAS;NÃO SE APLICA;EQUIPAMENTOS DE MANOBRA E PATRIMÔNIO;WASHINGTON/DC;65 dias;2020NE001224
212;120090;COMISSÃO AERONÁUTICA BRASILEIRA EM WASHINGTON;$0,00; NÃO SE APLICA ;R$ 38.975,26;R$ 38.975,26;LOSBERGER SAS;NÃO SE APLICA;EQUIPAMENTOS DE MANOBRA E PATRIMÔNIO;WASHINGTON/DC;65 dias;2020NE001225
213;120090;COMISSÃO AERONÁUTICA BRASILEIRA EM WASHINGTON;$0,00; NÃO SE APLICA ;R$ 35.276,58;R$ 35.276,58;LOSBERGER SAS;NÃO SE APLICA;EQUIPAMENTOS DE MANOBRA E PATRIMÔNIO;WASHINGTON/DC;65 dias;2020NE002800
214;120090;COMISSÃO AERONÁUTICA BRASILEIRA EM WASHINGTON;$0,00; NÃO SE APLICA ;R$ 34.288,00;R$ 0,00;ALASKA STRUCTURES INC.;NÃO SE APLICA;EQUIPAMENTOS DE MANOBRA E PATRIMÔNIO;WASHINGTON/DC;30 dias;2020NE005503
215;120090;COMISSÃO AERONÁUTICA BRASILEIRA EM WASHINGTON;$0,00; NÃO SE APLICA ;R$ 20.827,16;R$ 0,00;LOSBERGER SAS;NÃO SE APLICA;EQUIPAMENTOS DE MANOBRA E PATRIMÔNIO;WASHINGTON/DC;65 dias;2020NE005883
216;120090;COMISSÃO AERONÁUTICA BRASILEIRA EM WASHINGTON;$0,00; NÃO SE APLICA ;R$ 12.487,50;R$ 0,00; MAC AEROSPACE CORPORATION;NÃO SE APLICA;EQUIPAMENTOS DE MANOBRA E PATRIMÔNIO;WASHINGTON/DC;145 dias;2020NE005812
217;120090;COMISSÃO AERONÁUTICA BRASILEIRA EM WASHINGTON;$0,00; NÃO SE APLICA ;R$ 2.415,00;R$ 0,00;FLORIDA SUPPLU USA, UNC/AERO EQUIP SUPP.;NÃO SE APLICA;EQUIPAMENTOS DE MANOBRA E PATRIMÔNIO;WASHINGTON/DC;90 dias;2020NE005752
218;120090;COMISSÃO AERONÁUTICA BRASILEIRA EM WASHINGTON;$0,00; NÃO SE APLICA ;R$ 45.000,00;R$ 0,00;HELICOPTERS MAINTENANCE SUPPORT, LLC;NÃO SE APLICA;EQUIPAMENTOS DE MANOBRA E PATRIMÔNIO;WASHINGTON/DC;60 dias;2020NE005751
219;120090;COMISSÃO AERONÁUTICA BRASILEIRA EM WASHINGTON;$0,00; NÃO SE APLICA ;R$ 94.400,00;R$ 0,00;CORE INC. ;NÃO SE APLICA;MAQUINAS E EQUIPAMENTOS ENERGE;WASHINGTON/DC;45 dias;2020NE005759
220;120090;COMISSÃO AERONÁUTICA BRASILEIRA EM WASHINGTON;$0,00; NÃO SE APLICA ;R$ 113.600,00;R$ 0,00;CORE INC. ;NÃO SE APLICA;MAQ., FERRAMENTAS E UTENSILI;WASHINGTON/DC;90 dias;2020NE005811
221;120090;COMISSÃO AERONÁUTICA BRASILEIRA EM WASHINGTON;$0,00; NÃO SE APLICA ;R$ 2.237,76;R$ 0,00;GT SOLUTIONS & SERVICES CORP ;NÃO SE APLICA;MAQ., FERRAMENTAS E UTENSILI;WASHINGTON/DC;15 dias;2020NE005778
222;120090;COMISSÃO AERONÁUTICA BRASILEIRA EM WASHINGTON;$0,00; NÃO SE APLICA ;R$ 7.470,84;R$ 0,00; FISSETTE & LOPES INTERNATIONAL TRADE COMPANY;NÃO SE APLICA;APARELHOS DE MEDICAO E ORIENTA;WASHINGTON/DC;30 dias;2020NE005781
223;120090;COMISSÃO AERONÁUTICA BRASILEIRA EM WASHINGTON;$0,00; NÃO SE APLICA ;R$ 3.750,00;R$ 0,00;  AEROSTOCKS 2015 LTD;NÃO SE APLICA;APARELHOS DE MEDICAO E ORIENTA;WASHINGTON/DC;70 dias;2020NE005782
224;120090;COMISSÃO AERONÁUTICA BRASILEIRA EM WASHINGTON;$0,00; NÃO SE APLICA ;R$ 1.047,54;R$ 0,00;KELL-STROM TOOL INTERNATIONAL, INC.;NÃO SE APLICA;MAQ., FERRAMENTAS E UTENSILI;WASHINGTON/DC;60 dias;2020NE005835
225;120090;COMISSÃO AERONÁUTICA BRASILEIRA EM WASHINGTON;$0,00; NÃO SE APLICA ;R$ 4.736,00;R$ 0,00; NORTHEADT GSE INC.;NÃO SE APLICA;EQUIPAMENTOS, PECAS E ACESSORI;WASHINGTON/DC;60 dias;2020NE005761
226;120090;COMISSÃO AERONÁUTICA BRASILEIRA EM WASHINGTON;$0,00; NÃO SE APLICA ;R$ 3.750,00;R$ 0,00;  AEROSTOCKS 2015 LTD;NÃO SE APLICA;APARELHOS DE MEDICAO E ORIENTA;WASHINGTON/DC;90 dias;2020NE005763
227;120090;COMISSÃO AERONÁUTICA BRASILEIRA EM WASHINGTON;$0,00; NÃO SE APLICA ;R$ 7.311,00;R$ 0,00;SOI AVIATION, INC.;NÃO SE APLICA;EQUIPAMENTOS, PECAS E ACESSORI;WASHINGTON/DC;90 dias;2020NE005760
228;120090;COMISSÃO AERONÁUTICA BRASILEIRA EM WASHINGTON;$0,00; NÃO SE APLICA ;R$ 3.992,00;R$ 0,00;INTERBYTE;NÃO SE APLICA;APARELHOS DE MEDICAO E ORIENTA;WASHINGTON/DC;60 dias;2020NE005780
229;120090;COMISSÃO AERONÁUTICA BRASILEIRA EM WASHINGTON;$0,00; NÃO SE APLICA ;R$ 1.876,00;R$ 0,00;IET LABS, INC. DBA LABS;NÃO SE APLICA;EQUIPAMENTOS PARA AUDIO, VIDEO;WASHINGTON/DC;25 dias;2020NE005764
230;120090;COMISSÃO AERONÁUTICA BRASILEIRA EM WASHINGTON;$0,00; NÃO SE APLICA ;R$ 8.901,00;R$ 0,00;FLUKE INTERNATIONAL CORP.;NÃO SE APLICA;EQUIPAMENTOS, PECAS E ACESSORI;WASHINGTON/DC;30 dias;2020NE005779
231;120090;COMISSÃO AERONÁUTICA BRASILEIRA EM WASHINGTON;$0,00; NÃO SE APLICA ;R$ 381,00;R$ 0,00;NANO-TECH AVIATION LTD.;NÃO SE APLICA;-MAQ., FERRAMENTAS E UTENSILI;WASHINGTON/DC;70 dias;2020NE005776
232;120090;COMISSÃO AERONÁUTICA BRASILEIRA EM WASHINGTON;$0,00; NÃO SE APLICA ;R$ 159,00;R$ 0,00;KELL-STROM TOOL INTERNATIONAL, INC.;NÃO SE APLICA;MAQ., FERRAMENTAS E UTENSILI;WASHINGTON/DC;75 dias;2020NE005777
233;120090;COMISSÃO AERONÁUTICA BRASILEIRA EM WASHINGTON;$0,00; NÃO SE APLICA ;R$ 350,00;R$ 0,00; KELL-STROM TOOL INTERNATIONAL, INC.;NÃO SE APLICA;MAQ., FERRAMENTAS E UTENSILI;WASHINGTON/DC;45 dias;2020NE005775
234;120090;COMISSÃO AERONÁUTICA BRASILEIRA EM WASHINGTON;$0,00; NÃO SE APLICA ;R$ 4.965,06;R$ 0,00;DEFENSE FINANCE & ACCOUTING SERVICE;NÃO SE APLICA;EQUIPAMENTOS, PECAS E ACESSORI;WASHINGTON/DC;360 dias;2020NE005848
235;120090;COMISSÃO AERONÁUTICA BRASILEIRA EM WASHINGTON;$0,00; NÃO SE APLICA ;R$ 141.972,03;R$ 0,00;DEFENSE FINANCE & ACCOUTING SERVICE;NÃO SE APLICA;EQUIPAMENTOS, PECAS E ACESSORI;WASHINGTON/DC;360 dias;2020NE005888
236;120090;COMISSÃO AERONÁUTICA BRASILEIRA EM WASHINGTON;$0,00; NÃO SE APLICA ;R$ 117.590,72;R$ 0,00;DEFENSE FINANCE & ACCOUTING SERVICE;NÃO SE APLICA;EQUIPAMENTOS, PECAS E ACESSORI;WASHINGTON/DC;360 dias;2020NE005901
237;120623;BASE AÉREA DOS AFONSOS;R$ 0,00; NÃO SE APLICA ;R$ 896.218,08;R$ 896.218,08;ACACIA CONSTRUÇÕES E SERVIÇOS LTDA;15.295.617/0001-59;SERVIÇO DE ENGENHARIA PARA RECUPERAÇÃO DO TELHADO DO HOSPITAL DE AERONÁUTICA DOS AFONSOS;RIO DE JANEIRO;28/04/2020 à 11/08/2020;2020NE800692 2020NE800836 2020NE800839 2020NE800955 2020NE801202 2020NE801439
238;120623;BASE AÉREA DOS AFONSOS;R$ 0,00; NÃO SE APLICA ;R$ 1.890.628,73;R$ 1.890.628,73;ACACIA CONSTRUÇÕES E SERVIÇOS LTDA;15.295.617/0001-59;SERVIÇO DE ENGENHARIA PARA RECUPERAÇÃO E ADEQUAÇÃO DA ENFERMARIA;RIO DE JANEIRO;28/04/2020 à 11/08/2020;2020NE800696 2020NE800837 2020NE801060 2020NE801690
239;120623;BASE AÉREA DOS AFONSOS;R$ 576.487,51; NÃO SE APLICA ;R$ 1.089.860,52;R$ 513.373,01;ACACIA CONSTRUÇÕES E SERVIÇOS LTDA;15.295.617/0001-59; SERVIÇO DE ENGENHARIA PARA RECUPERAÇÃO E ADEQUAÇÃO DA ENFERMARIA;RIO DE JANEIRO;28/04/2020 à 11/08/2020;2020NE800697 2020NE800838 2020NE801061 2020NE801062 2020NE801679
240;120623;BASE AÉREA DOS AFONSOS;R$ 0,00; NÃO SE APLICA ;R$ 54.410,20;R$ 54.410,20;NÃO SE APLICA;NÃO SE APLICA;DIÁRIA MILITAR - IMAE;NACIONAL;NÃO SE APLICA;2020NE000023
241;120623;BASE AÉREA DOS AFONSOS;R$ 0,00; NÃO SE APLICA ;R$ 1.300,55;R$ 1.300,55;NÃO SE APLICA;NÃO SE APLICA;DIÁRIA MILITAR - IMAE;NACIONAL;NÃO SE APLICA;2020NE000039
242;120623;BASE AÉREA DOS AFONSOS;R$ 4.954,55; NÃO SE APLICA ;R$ 8.412,55;R$ 3.458,00;NÃO SE APLICA;NÃO SE APLICA;DIÁRIA MILITAR - IMAE;NACIONAL;NÃO SE APLICA;2020NE000101
243;120634;GRUPAMENTO DE APOIO DE BARBACENA;R$ 0,00; NÃO SE APLICA ;R$ 272.980,00;R$ 0,00;LINCE INSTALAÇÕES E SERVIÇOS LTDA;65.323.552/0001-86;PRESTAÇÃO DE SERVIÇOS DE AMPLIAÇÃO DE REDE DE DISTRIBUIÇÃO DE GASES MEDICINAIS;MINAS GERAIS;19/08/2020 à 15/01/2020;2020NE800543 2020NE800544
244;120624;GRUPAMENTO DE APOIO DE ANÁPOLIS;R$ 0,00; NÃO SE APLICA ;R$ 30.000,00;R$ 30.000,00;INCINERA TRATAMENTO DE RESIDUOS LTDA;07393407/0001-75;COLETA, TRANSPORTE E INCINERAÇÃO DOS RESÍDUOS DURANTE A OPERAÇÃO REGRESSO À PÁTRIA AMADA BRASIL;GOIÁS;10/02/2020 A 28/02/2020;2020NE800043
245;120624;GRUPAMENTO DE APOIO DE ANÁPOLIS;R$ 0,00; NÃO SE APLICA ;R$ 22.750,00;R$ 22.750,00;DISKTEM COMERCIO E SERVICOS DE LIMPEZA LTDA;37647948/0001-43;LIMPEZA DAS INSTALAÇÕES DOS HOTEIS DE TRÂNSITO;GOIÁS;09/02/2020 A 29/02/2020;2020NE800044
246;120624;GRUPAMENTO DE APOIO DE ANÁPOLIS;R$ 0,00; NÃO SE APLICA ;R$ 70.493,76;R$ 70.493,76;A FORCA COMERCIAL E SERVICOS EIRELI;0332553/00001-06;REFORMA NA COZINHA DO RANCHO ;GOIÁS;ENTREGA IMEDIATA;2020NE800045
247;120624;GRUPAMENTO DE APOIO DE ANÁPOLIS;R$ 0,00; NÃO SE APLICA ;R$ 1.207,94;R$ 610,94;ELETROLED MATERIAIS ELETRICOS EIRELI;19579751/0001-32;AQUISIÇÃO DE MATERIAL DE LIMPEZA ;GOIÁS;ENTREGA IMEDIATA;2020NE800082
248;120624;GRUPAMENTO DE APOIO DE ANÁPOLIS;R$ 0,00; NÃO SE APLICA ;R$ 697,29;R$ 697,29;R.N.L. DISTRIBUIDORA DE PRODUTOS DE LIMPEZA LTDA;06043786/0001-00;AQUISIÇÃO DE MATERIAL DE LIMPEZA ;GOIÁS;ENTREGA IMEDIATA;2020NE800084
249;120624;GRUPAMENTO DE APOIO DE ANÁPOLIS;R$ 0,00; NÃO SE APLICA ;R$ 220,32;R$ 220,32;NATIVA DISTRIBUICAO DE SUPRIMENTOS EIRELI;09482201/0001-47;AQUISIÇÃO DE MATERIAL DE LIMPEZA ;DISTRITO FEDERAL;ENTREGA IMEDIATA;2020NE800085
250;120624;GRUPAMENTO DE APOIO DE ANÁPOLIS;R$ 0,00; NÃO SE APLICA ;R$ 368,83;R$ 368,83;ECOVIL PRODUTOS DE LIMPEZA LTDA;24050421/0001-95;AQUISIÇÃO DE MATERIAL DE LIMPEZA ;MATO GROSSO DO SUL;ENTREGA IMEDIATA;2020NE800086
251;120624;GRUPAMENTO DE APOIO DE ANÁPOLIS;R$ 0,00; NÃO SE APLICA ;R$ 292,42;R$ 292,42;ALFAMAX COMERCIO DE PRODUTOS PARA LIMPEZA E ESCRITORIO;16812837/0001-75;AQUISIÇÃO DE MATERIAL DE LIMPEZA ;DISTRITO FEDERAL;ENTREGA IMEDIATA;2020NE800088
252;120624;GRUPAMENTO DE APOIO DE ANÁPOLIS;R$ 0,00; NÃO SE APLICA ;R$ 208,00;R$ 208,00;SANTANA INDUSTRIA E COMERCIO DE CONFECCOES EIRELI;02591097/0001-80;AQUISIÇÃO DE MATERIAL DE LIMPEZA ;GOIÁS;ENTREGA IMEDIATA;2020NE800089
253;120624;GRUPAMENTO DE APOIO DE ANÁPOLIS;R$ 0,00; NÃO SE APLICA ;R$ 281,55;R$ 281,55;VERTENTE DISTRIBUICAO E SERVICOS EIRELI;28209943/0001-48;AQUISIÇÃO DE MATERIAL DE LIMPEZA ;GOIÁS;ENTREGA IMEDIATA;2020NE800090
254;120624;GRUPAMENTO DE APOIO DE ANÁPOLIS;R$ 0,00; NÃO SE APLICA ;R$ 277,40;R$ 277,40;COPEL COMERCIAL DE PECAS LTDA;02528743/0001-64;AQUISIÇÃO DE MATERIAL DE LIMPEZA ;GOIÁS;ENTREGA IMEDIATA;2020NE800091
255;120624;GRUPAMENTO DE APOIO DE ANÁPOLIS;R$ 0,00; NÃO SE APLICA ;R$ 959,80;R$ 959,80;LICERI COMERCIO DE PRODUTOS EM GERAL LTDA;26950671/0001-07;AQUISIÇÃO DE MATERIAL DE LIMPEZA ;RIO GRANDE DO SUL;ENTREGA IMEDIATA;2020NE800092
256;120624;GRUPAMENTO DE APOIO DE ANÁPOLIS;R$ 0,00; NÃO SE APLICA ;R$ 254,40;R$ 254,40;REAL ALIMENTOS LTDA;29578050/0001/-32;AQUISIÇÃO DE MATERIAL DE LIMPEZA ;GOIÁS;ENTREGA IMEDIATA;2020NE800093
257;120624;GRUPAMENTO DE APOIO DE ANÁPOLIS;R$ 0,00; NÃO SE APLICA ;R$ 941,90;R$ 941,90;RAFA PAPER DISTRIBUIDORA EIRELI;30735649/0001-11;AQUISIÇÃO DE MATERIAL DE LIMPEZA ;GOIÁS;ENTREGA IMEDIATA;2020NE800094
258;120624;GRUPAMENTO DE APOIO DE ANÁPOLIS;R$ 0,00; NÃO SE APLICA ;R$ 377,79;R$ 377,79;COPEL COMERCIAL DE PECAS LTDA;02528743/0001-64;AQUISIÇÃO DE MATERIAL DE LIMPEZA ;GOIÁS;ENTREGA IMEDIATA;2020NE800095
259;120624;GRUPAMENTO DE APOIO DE ANÁPOLIS;R$ 0,00; NÃO SE APLICA ;R$ 384,00;R$ 384,00;NATIVA DISTRIBUICAO DE SUPRIMENTOS EIRELI;09482201/0001-47;AQUISIÇÃO DE MATERIAL DE LIMPEZA ;DISTRITO FEDERAL;ENTREGA IMEDIATA;2020NE800096
260;120624;GRUPAMENTO DE APOIO DE ANÁPOLIS;R$ 0,00; NÃO SE APLICA ;R$ 128,00;R$ 128,00;ELETROLED MATERIAIS ELETRICOS EIRELI;19579751/0001-32;AQUISIÇÃO DE MATERIAL DE LIMPEZA ;GOIÁS;ENTREGA IMEDIATA;2020NE800097
261;120624;GRUPAMENTO DE APOIO DE ANÁPOLIS;R$ 0,00; NÃO SE APLICA ;R$ 19.211,87;R$ 19.211,87;A FORCA COMERCIAL E SERVICOS EIRELI;03325530/0001-06;PINTURA DOS QUARTOS DOS HOTEIS DE TRÂNSITO;GOIÁS;ENTREGA IMEDIATA;2020NE800098
262;120624;GRUPAMENTO DE APOIO DE ANÁPOLIS;R$ 0,00; NÃO SE APLICA ;R$ 17.600,00;R$ 17.600,00;ROBERTO ROSA DE JESUS;64860/3611-72;SUPRIMENTO DE FUNDOS PARA ATENDIMENTO À OPERAÇÃO REGRESSO À PÁTRIA AMADA BRASIL;GOIÁS;NÃO SE APLICA;2020NE800099
263;120624;GRUPAMENTO DE APOIO DE ANÁPOLIS;R$ 0,00; NÃO SE APLICA ;R$ 4.790,00;R$ 4.790,00;ROBERTO ROSA DE JESUS;64860/3611-72;SUPRIMENTO DE FUNDOS PARA ATENDIMENTO À OPERAÇÃO REGRESSO À PÁTRIA AMADA BRASIL;GOIÁS;NÃO SE APLICA;2020NE800100
264;120624;GRUPAMENTO DE APOIO DE ANÁPOLIS;R$ 0,00; NÃO SE APLICA ;R$ 12.810,00;R$ 12.810,00;ROBERTO ROSA DE JESUS;64860/3611-72;SUPRIMENTO DE FUNDOS PARA ATENDIMENTO À OPERAÇÃO REGRESSO À PÁTRIA AMADA BRASIL;GOIÁS;NÃO SE APLICA;2020NE800101
265;120624;GRUPAMENTO DE APOIO DE ANÁPOLIS;R$ 0,00; NÃO SE APLICA ;R$ 4.130,00;R$ 0,00;LIDER EMPREENDIMENTOS E SERVICOS LTDA;12481989/0001-81;CONTRATO MANUTENÇÃO DE TRATORES);GOIÁS;ENTREGA SOB DEMANDA;2020NE800115
266;120624;GRUPAMENTO DE APOIO DE ANÁPOLIS;R$ 0,00; NÃO SE APLICA ;R$ 4.130,00;R$ 0,00;LIDER EMPREENDIMENTOS E SERVICOS LTDA;12481989/0001-81;CONTRATO MANUTENÇÃO DE TRATORES EM APOIO À OPERAÇÃO REGRESSO À PÁTRIA AMADA BRASIL (REPOSIÇÃO);GOIÁS;ENTREGA SOB DEMANDA;2020NE800116
267;120624;GRUPAMENTO DE APOIO DE ANÁPOLIS;R$ 0,00; NÃO SE APLICA ;R$ 15.000,00;R$ 15.000,00;BRATECH LOCACAO E SERVICOS DE EQUIPAMENTOS LTDA;15305940/0001-66;AQUISIÇÃO DE EQUIPAMENTO DE VIDEOCONFERÊNCIA EM APOIO À OPERAÇÃO REGRESSO À PÁTRIA AMADA BRASIL;RIO DE JANEIRO;ENTREGA IMEDIATA;2020NE800117
268;120624;GRUPAMENTO DE APOIO DE ANÁPOLIS;R$ 0,00; NÃO SE APLICA ;R$ 354,20;R$ 354,20;COMERCIO DE MATERIAIS DE CONSTRUCOES CAVALHEIROS LTDA;21875005/0001-38;AQUISIÇÃO DE MATERIAL DE MANUTENÇÃO DE BENS MÓVEIS EM APOIO À OPERAÇÃO REGRESSO À PÁTRIA AMADA BRASIL;DISTRITO FEDERAL;ENTREGA IMEDIATA;2020NE800118
269;120624;GRUPAMENTO DE APOIO DE ANÁPOLIS;R$ 0,00; NÃO SE APLICA ;R$ 225,45;R$ 225,45;J. J. VITALLI;08658622/0001- 13;AQUISIÇÃO DE MATERIAL DE MANUTENÇÃO DE BENS MÓVEIS EM APOIO À OPERAÇÃO REGRESSO À PÁTRIA AMADA BRASIL;RIO GRANDE DO SUL;ENTREGA IMEDIATA;2020NE800119
270;120624;GRUPAMENTO DE APOIO DE ANÁPOLIS;R$ 0,00; NÃO SE APLICA ;R$ 1.853,00;R$ 1.853,00;LEMA COMERCIO E SERVICOS EIRELI;24935938/0001-61;AQUISIÇÃO DE MATERIAL DE MANUTENÇÃO DE BENS MÓVEIS EM APOIO À OPERAÇÃO REGRESSO À PÁTRIA AMADA BRASIL;GOIÁS;ENTREGA IMEDIATA;2020NE800120
271;120624;GRUPAMENTO DE APOIO DE ANÁPOLIS;R$ 0,00; NÃO SE APLICA ;R$ 2.932,36;R$ 2.932,36;SUL.COM ATACADO E VAREJO LTDA;26469541/0001-57;AQUISIÇÃO DE MATERIAL DE MANUTENÇÃO DE BENS MÓVEIS EM APOIO À OPERAÇÃO REGRESSO À PÁTRIA AMADA BRASIL;RIO GRANDE DO SUL;ENTREGA IMEDIATA;2020NE800121
272;120624;GRUPAMENTO DE APOIO DE ANÁPOLIS;R$ 0,00; NÃO SE APLICA ;R$ 112,80;R$ 112,80;J. J. VITALLI;08658622/0001-13;AQUISIÇÃO DE MATERIAL DE MANUTENÇÃO DE BENS MÓVEIS EM APOIO À OPERAÇÃO REGRESSO À PÁTRIA AMADA BRASIL;RIO GRANDE DO SUL;ENTREGA IMEDIATA;2020NE800122
273;120624;GRUPAMENTO DE APOIO DE ANÁPOLIS;R$ 0,00; NÃO SE APLICA ;R$ 701,00;R$ 701,00;RPF COMERCIAL EIRELI;03217016/0001-49;AQUISIÇÃO DE MATERIAL DE MANUTENÇÃO DE BENS MÓVEIS EM APOIO À OPERAÇÃO REGRESSO À PÁTRIA AMADA BRASIL;PARANÁ;ENTREGA IMEDIATA;2020NE800123
274;120624;GRUPAMENTO DE APOIO DE ANÁPOLIS;R$ 0,00; NÃO SE APLICA ;R$ 1.310,10;R$ 1.310,10;CLENEX COMERCIO E SERVICOS EIRELI;18707234/0001-39;AQUISIÇÃO DE MATERIAL DE MANUTENÇÃO DE BENS MÓVEIS EM APOIO À OPERAÇÃO REGRESSO À PÁTRIA AMADA BRASIL;SÃO PAULO;ENTREGA IMEDIATA;2020NE800125
275;120624;GRUPAMENTO DE APOIO DE ANÁPOLIS;R$ 0,00; NÃO SE APLICA ;R$ 132,50;R$ 132,50;VIDENTE CONSTRUCOES E COMERCIO LTDA;26517495/0001-14;AQUISIÇÃO DE MATERIAL DE MANUTENÇÃO DE BENS MÓVEIS EM APOIO À OPERAÇÃO REGRESSO À PÁTRIA AMADA BRASIL;GOIÁS;ENTREGA IMEDIATA;2020NE800126
276;120624;GRUPAMENTO DE APOIO DE ANÁPOLIS;R$ 0,00; NÃO SE APLICA ;R$ 292,50;R$ 292,50;LICITARE PRODUTOS, MATERIAIS E SERVICOS LTDA;18641075/0001-17;AQUISIÇÃO DE MATERIAL DE MANUTENÇÃO DE BENS MÓVEIS EM APOIO À OPERAÇÃO REGRESSO À PÁTRIA AMADA BRASIL;RIO GRANDE DO SUL;ENTREGA IMEDIATA;2020NE800128
277;120624;GRUPAMENTO DE APOIO DE ANÁPOLIS;R$ 0,00; NÃO SE APLICA ;R$ 110,50;R$ 110,50;FER - MAX FERRAMENTAS LTDA;22014876/0001-20;AQUISIÇÃO DE MATERIAL DE MANUTENÇÃO DE BENS MÓVEIS EM APOIO À OPERAÇÃO REGRESSO À PÁTRIA AMADA BRASIL;SÃO PAULO;ENTREGA IMEDIATA;2020NE800129
278;120624;GRUPAMENTO DE APOIO DE ANÁPOLIS;R$ 0,00; NÃO SE APLICA ;R$ 1.872,50;R$ 1.872,50;BRASIDAS EIRELI;20483193/0001-96;AQUISIÇÃO DE MATERIAL DE MANUTENÇÃO DE BENS MÓVEIS EM APOIO À OPERAÇÃO REGRESSO À PÁTRIA AMADA BRASIL;SANTA CATARINA;ENTREGA IMEDIATA;2020NE800130
279;120624;GRUPAMENTO DE APOIO DE ANÁPOLIS;R$ 0,00; NÃO SE APLICA ;R$ 436,20;R$ 436,20;VHPM COMERCIAL LTDA - EPP;07908408/0001-05;AQUISIÇÃO DE MATERIAL DE MANUTENÇÃO DE BENS MÓVEIS EM APOIO À OPERAÇÃO REGRESSO À PÁTRIA AMADA BRASIL;GOIÁS;ENTREGA IMEDIATA;2020NE800131
280;120624;GRUPAMENTO DE APOIO DE ANÁPOLIS;R$ 0,00; NÃO SE APLICA ;R$ 599,95;R$ 599,95;LICITOP COMERCIO E SERVICO EIRELI;21822463/0001-09;AQUISIÇÃO DE MATERIAL DE MANUTENÇÃO DE BENS MÓVEIS EM APOIO À OPERAÇÃO REGRESSO À PÁTRIA AMADA BRASIL;DISTRITO FEDERAL;ENTREGA IMEDIATA;2020NE800132
281;120624;GRUPAMENTO DE APOIO DE ANÁPOLIS;R$ 0,00; NÃO SE APLICA ;R$ 100,40;R$ 100,40;RM COMERCIO DE MERCADORIAS E MATERIAIS LTDA;20784313/0001-95;AQUISIÇÃO DE MATERIAL DE MANUTENÇÃO DE BENS MÓVEIS EM APOIO À OPERAÇÃO REGRESSO À PÁTRIA AMADA BRASIL;RIO GRANDE DO SUL;ENTREGA IMEDIATA;2020NE800133
282;120624;GRUPAMENTO DE APOIO DE ANÁPOLIS;R$ 0,00; NÃO SE APLICA ;R$ 716,18;R$ 0,00;MATUSKELLA COMERCIO IMPORTACAO EXPORTACAO E REPRESENTAC;03537758/0001-51;AQUISIÇÃO DE MATERIAL DE MANUTENÇÃO DE BENS MÓVEIS EM APOIO À OPERAÇÃO REGRESSO À PÁTRIA AMADA BRASIL;GOIÁS;ENTREGA IMEDIATA;2020NE800134
283;120624;GRUPAMENTO DE APOIO DE ANÁPOLIS;R$ 0,00; NÃO SE APLICA ;R$ 30.070,15;R$ 30.070,15;MECATRON TECNOLOGIA E SERVICOS - EIRELI;22899299/0001-09;MANUTENÇÃO DE APARELHOS DE AR CONDICIONADO EM APOIO À OPERAÇÃO REGRESSO À PÁTRIA AMADA BRASIL;DISTRITO FEDERAL;ENTREGA IMEDIATA;2020NE800135
284;120624;GRUPAMENTO DE APOIO DE ANÁPOLIS;R$ 0,00; NÃO SE APLICA ;R$ 6.000,00;R$ 6.000,00;R E C TELECOM EQUIPAMENTOS E SERVICOS DE TELECOMUNICACA;06912494/0001-67;AQUISIÇÃO DE RÁDIO TRANSCEPTOR EM APOIO À OPERAÇÃO REGRESSO À PÁTRIA AMADA BRASIL;GOIÁS;ENTREGA IMEDIATA;2020NE800138
285;120624;GRUPAMENTO DE APOIO DE ANÁPOLIS;R$ 0,00; NÃO SE APLICA ;R$ 1.584,89;R$ 0,00;J. MARANGONI COMERCIAL - IMPORTACAO E EXPORTACAO EIRELI;20649395/0001-65;AQUISIÇÃO DE MATERIAIS PARA MANUTENÇÃO DE VIATURAS EM APOIO À OPERAÇÃO REGRESSO À PÁTRIA AMADA BRASIL;SÃO PAULO;ENTREGA IMEDIATA;2020NE800141
286;120624;GRUPAMENTO DE APOIO DE ANÁPOLIS;R$ 0,00; NÃO SE APLICA ;R$ 204,88;R$ 0,00;EMERSON PETRIS;04992614/0001-58;AQUISIÇÃO DE MATERIAIS PARA MANUTENÇÃO DE VIATURAS EM APOIO À OPERAÇÃO REGRESSO À PÁTRIA AMADA BRASIL;SANTA CATARINA;ENTREGA IMEDIATA;2020NE800142
287;120624;GRUPAMENTO DE APOIO DE ANÁPOLIS;R$ 0,00; NÃO SE APLICA ;R$ 332,16;R$ 332,16;NA ATIVA COMERCIAL - EIRELI;09043182/0001-52;AQUISIÇÃO DE MATERIAIS PARA MANUTENÇÃO DE VIATURAS EM APOIO À OPERAÇÃO REGRESSO À PÁTRIA AMADA BRASIL;SÃO PAULO;ENTREGA IMEDIATA;2020NE800143
288;120624;GRUPAMENTO DE APOIO DE ANÁPOLIS;R$ 0,00; NÃO SE APLICA ;R$ 1.882,24;R$ 1.882,24;FIEL COMERCIAL E SERVICOS EIRELI;33658130/0001-75;AQUISIÇÃO DE MATERIAIS PARA MANUTENÇÃO DE VIATURAS EM APOIO À OPERAÇÃO REGRESSO À PÁTRIA AMADA BRASIL;SÃO PAULO;ENTREGA IMEDIATA;2020NE800144
289;120624;GRUPAMENTO DE APOIO DE ANÁPOLIS;R$ 0,00; NÃO SE APLICA ;R$ 12.380,40;R$ 12.380,40;BAEZA CENTRO AUTOMOTIVO DE REPAROS LTDA;13475816/0001-13;AQUISIÇÃO DE MATERIAIS PARA MANUTENÇÃO DE VIATURAS EM APOIO À OPERAÇÃO REGRESSO À PÁTRIA AMADA BRASIL;GOIÁS;ENTREGA IMEDIATA;2020NE800145
290;120624;GRUPAMENTO DE APOIO DE ANÁPOLIS;R$ 0,00; NÃO SE APLICA ;R$ 1.741,30;R$ 1.063,15;PRIMAX DISTRIBUIDORA EIRELI;18534798/0001-17;AQUISIÇÃO DE GÊNEROS ALIMENTÍCIOS EM APOIO À OPERAÇÃO À PÁTRIA AMADA BRASIL;GOIÁS;ENTREGA IMEDIATA;2020NE800148
291;120624;GRUPAMENTO DE APOIO DE ANÁPOLIS;R$ 0,00; NÃO SE APLICA ;R$ 8.496,90;R$ 6.260,19;J & S COMERCIAL DE ALIMENTOS EIRELI;04690530/0001-60;AQUISIÇÃO DE GÊNEROS ALIMENTÍCIOS EM APOIO À OPERAÇÃO À PÁTRIA AMADA BRASIL;DISTRITO FEDERAL;ENTREGA IMEDIATA;2020NE800151
292;120624;GRUPAMENTO DE APOIO DE ANÁPOLIS;R$ 0,00; NÃO SE APLICA ;R$ 2.210,10;R$ 2.210,10;RILDO COELHO RODRIGUES & CIA LTDA - ME;02102072-0001-75;AQUISIÇÃO DE GÊNEROS ALIMENTÍCIOS EM APOIO À OPERAÇÃO À PÁTRIA AMADA BRASIL;GOIÁS;ENTREGA IMEDIATA;2020NE800154
293;120624;GRUPAMENTO DE APOIO DE ANÁPOLIS;R$ 0,00; NÃO SE APLICA ;R$ 1.788,00;R$ 1.609,20;B V ALIMENTOS EIRELI;22759683/0001-06;AQUISIÇÃO DE GÊNEROS ALIMENTÍCIOS EM APOIO À OPERAÇÃO À PÁTRIA AMADA BRASIL;GOIÁS;ENTREGA IMEDIATA;2020NE800155
294;120624;GRUPAMENTO DE APOIO DE ANÁPOLIS;R$ 0,00; NÃO SE APLICA ;R$ 15.443,28;R$ 15.443,28;ARCANJOS COMERCIAL DE ALIMENTOS EIRELI;19600228/0001-40;AQUISIÇÃO DE GÊNEROS ALIMENTÍCIOS EM APOIO À OPERAÇÃO À PÁTRIA AMADA BRASIL;DISTRITO FEDERAL;ENTREGA IMEDIATA;2020NE800156
295;120624;GRUPAMENTO DE APOIO DE ANÁPOLIS;R$ 0,00; NÃO SE APLICA ;R$ 22.726,96;R$ 13.343,29;B V ALIMENTOS EIRELI;22759683/0001-06;AQUISIÇÃO DE GÊNEROS ALIMENTÍCIOS EM APOIO À OPERAÇÃO À PÁTRIA AMADA BRASIL;GOIÁS;ENTREGA IMEDIATA;2020NE800157
296;120624;GRUPAMENTO DE APOIO DE ANÁPOLIS;R$ 0,00; NÃO SE APLICA ;R$ 8.941,54;R$ 8.941,54;MATUSKELLA COMERCIO IMPORTACAO EXPORTACAO E REPRESENTAC;03537758/0001-51;SERVIÇO DE REPARO NO HOTEL DE TRÂNSITO DOS OFICIAIS EM APOIO À OPERAÇÃO REGRESSO À PÁTRIA AMADA BRASIL;GOIÁS;ENTREGA IMEDIATA;2020NE800158
297;120624;GRUPAMENTO DE APOIO DE ANÁPOLIS;R$ 0,00; NÃO SE APLICA ;R$ 7.839,00;R$ 7.839,00;DIMORVAN DAVI MENEGUSSO;07065479/0001-93;AQUISIÇÃO DE EQUIPAMENTOS DE MANUTENÇÃO DE BENS IMÓVEIS EM APOIO À OPERAÇÃO REGRESSO À PÁTRIA AMADA BRASIL;PARANÁ;ENTREGA IMEDIATA;2020NE800167
298;120624;GRUPAMENTO DE APOIO DE ANÁPOLIS;R$ 0,00; NÃO SE APLICA ;R$ 10.990,00;R$ 10.990,00;SE77E TELECOM EIRELI;12041618/0001-89;SERVIÇO DE INTERNET BANDA LARGA EM APOIO À OPERAÇÃO REGRESSO À PÁTRIA AMADA BRASIL;GOIÁS;ENTREGA IMEDIATA;2020NE800169
299;120624;GRUPAMENTO DE APOIO DE ANÁPOLIS;R$ 0,00; NÃO SE APLICA ;R$ 15.992,76;R$ 15.992,76;ARCANJOS COMERCIAL DE ALIMENTOS EIRELI;19600228/0001-40;AQUISIÇÃO DE GÊNEROS ALIMENTÍCIOS EM APOIO À OPERAÇÃO À PÁTRIA AMADA BRASIL;DISTRITO FEDERAL;ENTREGA IMEDIATA;2020NE800170
300;120624;GRUPAMENTO DE APOIO DE ANÁPOLIS;R$ 0,00; NÃO SE APLICA ;R$ 50.103,35;R$ 50.103,35;CONSTRUTORA MEGATEC LTDA;02717546/0001-93;ADAPTAÇÃO DO HOTEL DE TRÂNSITO DOS GRADUADOS EM APOIO À OPERAÇÃO REGRESSO À PÁTRIA AMADA BRASIL;GOIÁS;ENTREGA IMEDIATA;2020NE800172
301;120624;GRUPAMENTO DE APOIO DE ANÁPOLIS;R$ 0,00; NÃO SE APLICA ;R$ 5.487,88;R$ 5.457,88;CARLOS SILVA DE SIQUEIRA;31930/2551-87;SUPRIMENTO DE FUNDOS PARA ATENDIMENTO À OPERAÇÃO REGRESSO À PÁTRIA AMADA BRASIL;GOIÁS;NÃO SE APLICA;2020NE800192
302;120624;GRUPAMENTO DE APOIO DE ANÁPOLIS;R$ 0,00; NÃO SE APLICA ;R$ 3.962,00;R$ 3.962,00;CARLOS SILVA DE SIQUEIRA;31930/2551-87;SUPRIMENTO DE FUNDOS PARA ATENDIMENTO À OPERAÇÃO REGRESSO À PÁTRIA AMADA BRASIL;GOIÁS;NÃO SE APLICA;2020NE800193
303;120624;GRUPAMENTO DE APOIO DE ANÁPOLIS;R$ 0,00; NÃO SE APLICA ;R$ 8.180,12;R$ 8.180,12;CARLOS SILVA DE SIQUEIRA;31930/2551-87;SUPRIMENTO DE FUNDOS PARA ATENDIMENTO À OPERAÇÃO REGRESSO À PÁTRIA AMADA BRASIL;GOIÁS;NÃO SE APLICA;2020NE800194
304;120624;GRUPAMENTO DE APOIO DE ANÁPOLIS;R$ 0,00; NÃO SE APLICA ;R$ 17.049,26;R$ 17.049,26;FELIPE TORRES DE MELLO;31553/7508-61;SUPRIMENTO DE FUNDOS PARA ATENDIMENTO À OPERAÇÃO REGRESSO À PÁTRIA AMADA BRASIL;GOIÁS;NÃO SE APLICA;2020NE800195
305;120624;GRUPAMENTO DE APOIO DE ANÁPOLIS;R$ 0,00; NÃO SE APLICA ;R$ 502,90;R$ 502,90;FELIPE TORRES DE MELLO;31553/7508-61;SUPRIMENTO DE FUNDOS PARA ATENDIMENTO À OPERAÇÃO REGRESSO À PÁTRIA AMADA BRASIL;GOIÁS;NÃO SE APLICA;2020NE800196
306;120624;GRUPAMENTO DE APOIO DE ANÁPOLIS;R$ 0,00; NÃO SE APLICA ;R$ 7.657,37;R$ 7.657,37;ANDERSON MENDES ALVES;89868/8891-20;SUPRIMENTO DE FUNDOS PARA ATENDIMENTO À OPERAÇÃO REGRESSO À PÁTRIA AMADA BRASIL;GOIÁS;NÃO SE APLICA;2020NE800197
307;120624;GRUPAMENTO DE APOIO DE ANÁPOLIS;R$ 0,00; NÃO SE APLICA ;R$ 1.053,60;R$ 1.053,60;ANDERSON MENDES ALVES;89868/8891-20;SUPRIMENTO DE FUNDOS PARA ATENDIMENTO À OPERAÇÃO REGRESSO À PÁTRIA AMADA BRASIL;GOIÁS;NÃO SE APLICA;2020NE800198
308;120624;GRUPAMENTO DE APOIO DE ANÁPOLIS;R$ 0,00; NÃO SE APLICA ;R$ 8.887,80;R$ 8.887,80;ANDERSON MENDES ALVES;89868/8891-20;SUPRIMENTO DE FUNDOS PARA ATENDIMENTO À OPERAÇÃO REGRESSO À PÁTRIA AMADA BRASIL;GOIÁS;NÃO SE APLICA;2020NE800199
309;120624;GRUPAMENTO DE APOIO DE ANÁPOLIS;R$ 0,00; NÃO SE APLICA ;R$ 53.819,09;R$ 53.819,09;FELIPE TORRES DE MELLO;31553/7508-61;SUPRIMENTO DE FUNDOS PARA ATENDIMENTO À OPERAÇÃO REGRESSO À PÁTRIA AMADA BRASIL;GOIÁS;NÃO SE APLICA;2020NE800200
310;120624;GRUPAMENTO DE APOIO DE ANÁPOLIS;R$ 0,00; NÃO SE APLICA ;R$ 71.471,80;R$ 71.471,80;FELIPE TORRES DE MELLO;31553/7508-61;SUPRIMENTO DE FUNDOS PARA ATENDIMENTO À OPERAÇÃO REGRESSO À PÁTRIA AMADA BRASIL;GOIÁS;NÃO SE APLICA;2020NE800201
311;120624;GRUPAMENTO DE APOIO DE ANÁPOLIS;R$ 0,00; NÃO SE APLICA ;R$ 6.758,00;R$ 6.758,00;FELIPE TORRES DE MELLO;31553/7508-61;SUPRIMENTO DE FUNDOS PARA ATENDIMENTO À OPERAÇÃO REGRESSO À PÁTRIA AMADA BRASIL;GOIÁS;NÃO SE APLICA;2020NE800203
312;120624;GRUPAMENTO DE APOIO DE ANÁPOLIS;R$ 0,00; NÃO SE APLICA ;R$ 17.596,80;R$ 5.399,04;DUELAV LAVANDERIAS LTDA;17479671/0001-80;LAVAGEM DE ROUPAS E TECIDOS EM GERAL DURANTE A OPERAÇÃO REGRESSO À PÁTRIA AMADA BRASIL;GOIÁS;10/02/2020 A 01/03/2020;2020NE800205
313;120624;GRUPAMENTO DE APOIO DE ANÁPOLIS;R$ 0,00; NÃO SE APLICA ;R$ 5.327,26;R$ 0,00;A FORCA COMERCIAL E SERVICOS EIRELI;03325530/0001-06;SERVIÇO DE DESMOBILIZAÇÃO DO HOTEL DE TRÂNSITO DOS OFICIAIS APÓS A OPERAÇÃO REGRESSO À PÁTRIA AMADA BRASIL ;GOIÁS;ENTREGA IMEDIATA;2020NE800229
314;120633;GRUPAMENTO DE APOIO DE SÃO PAULO;R$ 0,00; NÃO SE APLICA ;R$ 10.145,80;R$ 10.145,80;SANTANA INDUSTRIA E COMERCIO DE CONFECCOES EIRELI;2,5911E+12;AQUISIÇÃO DE TRAVESSEIROS E CAPAS EM ATENDIMENTO AO HFASP;SÃO PAULO;ENTREGA IMEDIATA;2020NE801399
315;120633;GRUPAMENTO DE APOIO DE SÃO PAULO;R$ 0,00; NÃO SE APLICA ;R$ 4.667,00;R$ 4.667,00;L.D.M. EQUIPAMENTOS LTDA;5,38079E+11;AQUISIÇÃO DE MATERIAL DE LIMPEZA HOSPITALAR POR MEIO DE ADESÃO EMERGENCIAL DE LICITAÇÃO EM ATENDIMENTO AO HFASP;SÃO PAULO;ENTREGA IMEDIATA;2020NE801420
316;120633;GRUPAMENTO DE APOIO DE SÃO PAULO;R$ 0,00; NÃO SE APLICA ;R$ 300.000,00;R$ 300.000,00;MAXIMO INDUSTRIA E COMERCIO EIRELI;2,91368E+13;AQUISIÇÃO DE AVENTAL DESCARTÁVEL EM ATENDIMENTO AO HFASP;SÃO PAULO;ENTREGA IMEDIATA;2020NE801457
317;120633;GRUPAMENTO DE APOIO DE SÃO PAULO;R$ 0,00; NÃO SE APLICA ;R$ 27.600,00;R$ 27.600,00;BRAVERY INDUSTRIA E COMERCIO DE PRODUTOS DE HIGIENE E L;2,45607E+12;AQUISIÇÃO DE PANO LIMPADOR DESCARTÁVEL HIGROSCÓPIO EM ATENDIMENTO AO HFASP;SÃO PAULO;ENTREGA IMEDIATA;2020NE801496
318;120633;GRUPAMENTO DE APOIO DE SÃO PAULO;R$ 0,00; NÃO SE APLICA ;R$ 10.000,00;R$ 10.000,00;GISLAINE RODRIGUES DA COSTA 11605439681;2,25338E+13;AQUISIÇÃO DE INSUMOS PARA FABRICAÇÃO DE MÁSCARAS EXCETO O TECIDO EM ATENDIMENTO AO GAP-SP;SÃO PAULO;ENTREGA IMEDIATA;2020NE801522
319;120633;GRUPAMENTO DE APOIO DE SÃO PAULO;R$ 1,00; NÃO SE APLICA ;R$ 3.725,00;R$ 3.724,00;VIVO LICITACOES EIRELI;3,00417E+13;AQUISIÇÃO DE INSUMOS PARA FABRICAÇÃO DE MÁSCARAS EXCETO O TECIDO EM ATENDIMENTO AO GAP-SP;SÃO PAULO;ENTREGA IMEDIATA;2020NE801523
320;120633;GRUPAMENTO DE APOIO DE SÃO PAULO;R$ 0,00; NÃO SE APLICA ;R$ 1.840,00;R$ 1.840,00;TORCMETAL COMERCIO E SERVICOS DE MAQUINAS EQUIPAMENTOS;7,45314E+12;AQUISIÇÃO DE INSUMOS PARA FABRICAÇÃO DE MÁSCARAS EXCETO O TECIDO EM ATENDIMENTO AO GAP-SP;SÃO PAULO;ENTREGA IMEDIATA;2020NE801524
321;120633;GRUPAMENTO DE APOIO DE SÃO PAULO;R$ 7.148,75; NÃO SE APLICA ;R$ 7.148,75;R$ 0,00;RNT RIOGRANDENSE NAO TECIDOS LTDA;7,04469E+12;AQUISIÇÃO DE INSUMOS PARA FABRICAÇÃO DE MÁSCARAS;SÃO PAULO;ENTREGA IMEDIATA;2020NE801547
322;120633;GRUPAMENTO DE APOIO DE SÃO PAULO;R$ 0,00; NÃO SE APLICA ;R$ 64.850,19;R$ 64.850,19;COLLTEX CONFECCOES E PRODUTOS PROMOCIONAIS - EIRELI;2,03379E+13;AQUISIÇÃO DE MASCARAS DE PANO EM ATENDIMENTO AO GAP-SP E UNIDADES APOIADAS;SÃO PAULO;ENTREGA IMEDIATA;2020NE801557
323;120633;GRUPAMENTO DE APOIO DE SÃO PAULO;R$ 0,00; NÃO SE APLICA ;R$ 11.670,00;R$ 11.670,00;COLLTEX CONFECCOES E PRODUTOS PROMOCIONAIS - EIRELI;2,03379E+13;AQUISIÇÃO DE MASCARAS DE PANO EM ATENDIMENTO AO GAP-SP E UNIDADES APOIADAS;SÃO PAULO;ENTREGA IMEDIATA;2020NE801824
324;120633;GRUPAMENTO DE APOIO DE SÃO PAULO;R$ 0,00; NÃO SE APLICA ;R$ 123.061,50;R$ 123.061,50;ZI COMERCIO E DISTRIBUIDORA DE COSMETICOS LTDA.;3,37007E+13;AQUISIÇÃO DE MATERIAIS DE PREVENÇÃO AO CORONAVIRUS PARA O GAP-SP E UNIDADES APOIADAS.;SÃO PAULO;ENTREGA IMEDIATA;2020NE801583
325;120633;GRUPAMENTO DE APOIO DE SÃO PAULO;R$ 0,00; NÃO SE APLICA ;R$ 12.693,45;R$ 12.693,45;JOAO ROMERA MORENO INFORMATICA;9,66248E+12;AQUISIÇÃO DE MATERIAIS DE PREVENÇÃO AO CORONAVIRUS PARA O GAP-SP E UNIDADES APOIADAS.;SÃO PAULO;ENTREGA IMEDIATA;2020NE801941
326;120633;GRUPAMENTO DE APOIO DE SÃO PAULO;R$ 0,00; NÃO SE APLICA ;R$ 12.126,00;R$ 12.126,00;CM HOSPITALAR S.A.;1,24202E+13;AQUISIÇÃO DE MEDICAMENTOS (HFASP);SÃO PAULO;ENTREGA IMEDIATA;2020NE801631
327;120633;GRUPAMENTO DE APOIO DE SÃO PAULO;R$ 0,00; NÃO SE APLICA ;R$ 3.920,00;R$ 3.920,00;PROTECTOR INDUSTRIA E COMERCIO DE PRODUTOS MEDICO HOSPI;1,84665E+13;AQUISIÇÃO DE SACO MORTUÁRIO (HFASP);SÃO PAULO;ENTREGA IMEDIATA;2020NE801657
328;120633;GRUPAMENTO DE APOIO DE SÃO PAULO;R$ 0,00; NÃO SE APLICA ;R$ 616,50;R$ 616,50;ONCO PROD DISTRIBUIDORA DE PRODUTOS HOSPITALARES E ONC;4,30765E+12;AQUISIÇÃO DE HIDROXICLOROQUINA 400 MG EM ATENDIMENTO AO HFASP;SÃO PAULO;ENTREGA IMEDIATA;2020NE801658
329;120633;GRUPAMENTO DE APOIO DE SÃO PAULO;R$ 0,00; NÃO SE APLICA ;R$ 460,00;R$ 460,00;MEDMAX COMERCIO DE MEDICAMENTOS LTDA;1,65539E+13;AQUISIÇÃO DE AZITROMICINA 500 MG EM ATENDIMENTO AO HFASP;SÃO PAULO;ENTREGA IMEDIATA;2020NE801659
330;120633;GRUPAMENTO DE APOIO DE SÃO PAULO;R$ 0,00; NÃO SE APLICA ;R$ 2.450,00;R$ 2.450,00;SMARTFLEX COMERCIO DE ETIQUETAS E ROTULOS EIRELI;3,40533E+13;AQUISIÇÃO DE ETIQUETAS PARA TUBO LABORATORIAL;SÃO PAULO;ENTREGA IMEDIATA;2020NE801660
331;120633;GRUPAMENTO DE APOIO DE SÃO PAULO;R$ 0,00; NÃO SE APLICA ;R$ 48.689,06;R$ 48.689,06;VILA GUGU CARNES EIRELI;2,45244E+13;AQUISIÇÃO DE MATERIAIS DESCARTÁVEIS EM ATENDIMENTO AO COMBATE AO COVID-19;SÃO PAULO;ENTREGA IMEDIATA;2020NE801661
332;120633;GRUPAMENTO DE APOIO DE SÃO PAULO;R$ 0,00; NÃO SE APLICA ;R$ 41.044,00;R$ 41.044,00;VALDECI DUARTE SILVA - EPP;3,43195E+12;AQUISIÇÃO DE ACESSÓRIOS PARA TERAPIA RESPIRATÓRIA;SÃO PAULO;ENTREGA IMEDIATA;2020NE801662
333;120633;GRUPAMENTO DE APOIO DE SÃO PAULO;R$ 0,00; NÃO SE APLICA ;R$ 3.700,00;R$ 3.700,00;ECO DIAGNOSTICA LTDA;1,46332E+13;AQUISIÇÃO DE REAGENTE PARA DIAGNÓSTICO CLÍNICO 4 EM ATENDIMENTO AO HFASP;SÃO PAULO;ENTREGA IMEDIATA;2020NE801663
334;120633;GRUPAMENTO DE APOIO DE SÃO PAULO;R$ 0,00; NÃO SE APLICA ;R$ 35.000,00;R$ 35.000,00;D' PAULA DISTRIBUIDORA & COMERCIO DE MEDICAMENTOS LTDA;2,86138E+13;AQUISIÇÃO DE TERMOMETRO DIGITAL E TAPETE DESCONTAMINANTE EM ATENDIMENTO AO GAP-SP E UNIDADES APOIADAS;SÃO PAULO;ENTREGA IMEDIATA;2020NE801664
335;120633;GRUPAMENTO DE APOIO DE SÃO PAULO;R$ 0,00; NÃO SE APLICA ;R$ 7.488,00;R$ 7.488,00;SOROCAPAX TAPETES HIGIENE CONSERVACAO E SEGURANCA LTDA;9,36706E+12;AQUISIÇÃO DE TERMOMETRO DIGITAL E TAPETE DESCONTAMINANTE EM ATENDIMENTO AO GAP-SP E UNIDADES APOIADAS;SÃO PAULO;ENTREGA IMEDIATA;2020NE801674
336;120633;GRUPAMENTO DE APOIO DE SÃO PAULO;R$ 0,00; NÃO SE APLICA ;R$ 5.658,00;R$ 5.658,00;ULISSES DIAS DE SOUSA - EIRELI;8,80441E+12;AQUISIÇÃO DE TERMOMETRO DIGITAL E TAPETE DESCONTAMINANTE EM ATENDIMENTO AO GAP-SP E UNIDADES APOIADAS;SÃO PAULO;ENTREGA IMEDIATA;2020NE801750
337;120633;GRUPAMENTO DE APOIO DE SÃO PAULO;R$ 0,00; NÃO SE APLICA ;R$ 5.658,00;R$ 5.658,00;ULISSES DIAS DE SOUSA - EIRELI;8,80441E+12;AQUISIÇÃO DE TERMOMETRO DIGITAL E TAPETE DESCONTAMINANTE EM ATENDIMENTO AO GAP-SP E UNIDADES APOIADAS;SÃO PAULO;ENTREGA IMEDIATA;2020NE801881
338;120633;GRUPAMENTO DE APOIO DE SÃO PAULO;R$ 0,00; NÃO SE APLICA ;R$ 5.100,00;R$ 5.100,00;PONTAMED FARMACEUTICA LTDA;2,8167E+12;AQUISIÇÃO DE MEDICAMENTOS HEPARINA SÓDICA E CLORETO DE SÓDIO 0,9% AMPOLA 10ML;SÃO PAULO;ENTREGA IMEDIATA;2020NE801697
339;120633;GRUPAMENTO DE APOIO DE SÃO PAULO;R$ 0,00; NÃO SE APLICA ;R$ 20.032,50;R$ 20.032,50;BYOGENE COMERCIO DE PRODUTOS PARA LABORATORIO CLINICO E;2,85698E+12;AQUISIÇÃO DE REAGENTES E FRASCOS DE HEMOCULTURA EM ATENDIMENTO AO HFASP;SÃO PAULO;ENTREGA IMEDIATA;2020NE801699
340;120633;GRUPAMENTO DE APOIO DE SÃO PAULO;R$ 30.708,00; NÃO SE APLICA ;R$ 30.708,00;R$ 0,00;CELER BIOTECNOLOGIA S/A;4,84661E+12;AQUISIÇÃO DE TESTES DE D-DÍMERO EM ATENDIMENTO AO HFASP;SÃO PAULO;ENTREGA IMEDIATA;2020NE801810
341;120633;GRUPAMENTO DE APOIO DE SÃO PAULO;R$ 0,00; NÃO SE APLICA ;R$ 3.450,00;R$ 3.450,00;ANDREA LINS TEIXEIRA DE MOURA 88076679249;3,64231E+13;AQUISIÇÃO DE MATERIAIS DE DEFESA BIOLÓGICA PARA ENFRENTAMENTO AO COVID-19 EM ATENDIMENTO A BASP;SÃO PAULO;ENTREGA IMEDIATA;2020NE801839
342;120633;GRUPAMENTO DE APOIO DE SÃO PAULO;R$ 64.615,00; NÃO SE APLICA ;R$ 64.615,00;R$ 0,00;ISABELLA PARDINI COMERCIO DE MATERIAL MEDICO E HOSPITA;2,98432E+13;AQUISIÇÃO DE MATERIAIS DE DEFESA BIOLÓGICA PARA ENFRENTAMENTO AO COVID-19 EM ATENDIMENTO A BASP;SÃO PAULO;ENTREGA IMEDIATA;2020NE801840
343;120633;GRUPAMENTO DE APOIO DE SÃO PAULO;R$ 0,00; NÃO SE APLICA ;R$ 17.500,00;R$ 17.500,00;ULISSES DIAS DE SOUSA - EIRELI;8,80441E+12;AQUISIÇÃO DE TOTENS DE DESCONTAMINAÇÃO EM ATENDIMENTO AO GAP-SP E UNIDADES APOIADAS;SÃO PAULO;ENTREGA IMEDIATA;2020NE801882
344;120633;GRUPAMENTO DE APOIO DE SÃO PAULO;R$ 0,00; NÃO SE APLICA ;R$ 22.500,00;R$ 22.500,00;WIDE STOCK COMERCIO E REPRESENTACAO LTDA;1,16993E+13;AQUISIÇÃO DE LUVA PARA PROCEDIMENTO NÃO CIRÚRGICO EM ATENDIMENTO AO GAP-SP E OM APOIADAS;SÃO PAULO;ENTREGA IMEDIATA;2020NE801942
345;120633;GRUPAMENTO DE APOIO DE SÃO PAULO;R$ 0,00; NÃO SE APLICA ;R$ 10.395,50;R$ 10.395,50;COMERCIAL LUX CLEAN LTDA;3,57672E+12;AQUISIÇÃO DE ÁLCOOL GEL ANTISSÉPTICO 70° EM ATENDIMENTO AO GAP-SP E UNIDADES APOIADAS;SÃO PAULO;ENTREGA IMEDIATA;2020NE802074
346;120633;GRUPAMENTO DE APOIO DE SÃO PAULO;R$ 3.000,00; NÃO SE APLICA ;R$ 3.000,00;R$ 0,00;GREINER BIO-ONE BRASIL PRODUTOS MEDICOS HOSPITALARES LT;7,19573E+13;AQUISIÇÃO DE SERINGA DE GASOMETRIA EM ATENDIMENTO AO HFASP;SÃO PAULO;ENTREGA IMEDIATA;2020NE802097
347;120633;GRUPAMENTO DE APOIO DE SÃO PAULO;R$ 130,00; NÃO SE APLICA ;R$ 130,00;R$ 0,00;P S DISTRIBUIDORA DE PRODUTOS DA SAUDE LTDA - ME;8,30499E+12;AQUISIÇÃO DE MATERIAL MÉDICO HOSPITALAR (HFASP).;SÃO PAULO;ENTREGA IMEDIATA;2020NE802476
348;120633;GRUPAMENTO DE APOIO DE SÃO PAULO;R$ 1.149,75; NÃO SE APLICA ;R$ 1.149,75;R$ 0,00;MEDEVICES PRODUTOS MEDICOS E HOSPITALARES LTDA;2,47742E+13;AQUISIÇÃO DE MATERIAL MÉDICO HOSPITALAR (HFASP).;SÃO PAULO;ENTREGA IMEDIATA;2020NE802477
349;120633;GRUPAMENTO DE APOIO DE SÃO PAULO;R$ 832,00; NÃO SE APLICA ;R$ 832,00;R$ 0,00;NEUPHARMA DISTRIBUICAO DE MATERIAL MEDICO HOSPITALAR LT;2,14879E+13;AQUISIÇÃO DE MATERIAL MÉDICO HOSPITALAR (HFASP).;SÃO PAULO;ENTREGA IMEDIATA;2020NE802478
350;120633;GRUPAMENTO DE APOIO DE SÃO PAULO;R$ 1.050,00; NÃO SE APLICA ;R$ 1.050,00;R$ 0,00;MARINGA HOSPITALAR DISTR. DE MEDICAMENTOS E CORRELATOS;7,39673E+12;AQUISIÇÃO DE MATERIAL MÉDICO HOSPITALAR (HFASP).;SÃO PAULO;ENTREGA IMEDIATA;2020NE802479
351;120633;GRUPAMENTO DE APOIO DE SÃO PAULO;R$ 6.136,11; NÃO SE APLICA ;R$ 6.136,11;R$ 0,00;NEUPHARMA DISTRIBUICAO DE MATERIAL MEDICO HOSPITALAR LT;2,14879E+13;AQUISIÇÃO DE MATERIAL MÉDICO HOSPITALAR (HFASP).;SÃO PAULO;ENTREGA IMEDIATA;2020NE802480
352;120633;GRUPAMENTO DE APOIO DE SÃO PAULO;R$ 12.300,00; NÃO SE APLICA ;R$ 12.300,00;R$ 0,00;BML HOSPITALAR LTDA;2,71878E+13;AQUISIÇÃO DE MATERIAL MÉDICO HOSPITALAR (HFASP).;SÃO PAULO;ENTREGA IMEDIATA;2020NE802481
353;120629;GRUPAMENTO DE APOIO DE CANOAS;R$ 0,00; NÃO SE APLICA ;R$ 14.000,00;R$ 13.900,40;NÃO SE APLICA;120629/00001;DIÁRIA;NÃO DE APLICA;NÃO SE APLICA;2020NE000047
354;120629;GRUPAMENTO DE APOIO DE CANOAS;R$ 0,00; NÃO SE APLICA ;R$ 200.689,00;R$ 128.800,00;WORLDPOINT BRASIL LLC;18005609/0001-19;MATERIAL PERMANENTE PARA ENSINO SIMULADOR ;RIO DE JANEIRO;ENTREGA IMEDIATA;2020NE800673
355;120629;GRUPAMENTO DE APOIO DE CANOAS;R$ 0,00; NÃO SE APLICA ;R$ 34.977,88;R$ 0,00;MONTEIRO ANTUNES - INSUMOS HOSPITALARES;04078043/0001-40 ;VIDEOLARINGOSCÓPIO;RIO GRANDE DO SUL;ENTREGA IMEDIATA;2020NE800676
356;120629;GRUPAMENTO DE APOIO DE CANOAS;R$ 0,00; NÃO SE APLICA ;R$ 10.000,00;R$ 10.000,00; LAERDAL MEDICAL IMPORTACAO E COMERCIO;08014804/0001-51 ;MATERIAL PERMANENTE PARA ENSINO SIMULADOR ;SÃO PAULO;ENTREGA IMEDIATA;2020NE800678
357;120629;GRUPAMENTO DE APOIO DE CANOAS;R$ 0,00; NÃO SE APLICA ;R$ 4.035,36;R$ 4.035,36;REAL DIGITAL SERVICOS E SOLUCOES;18114016/0001-90;TERMOMETRO;GOIÁS;ENTREGA IMEDIATA;2020NE800680
358;120629;GRUPAMENTO DE APOIO DE CANOAS;R$ 0,00; NÃO SE APLICA ;R$ 19.300,00;R$ 19.300,00;MEDCLEAN COMERCIAL LTDA; 03921280/0001-69;CALÇA E JALECO DESCARTÁVEL;RIO GRANDE DO SUL;ENTREGA IMEDIATA;2020NE800958
359;120629;GRUPAMENTO DE APOIO DE CANOAS;R$ 0,00; NÃO SE APLICA ;R$ 7.461,80;R$ 7.461,80;CIRURGICA JAW COMERCIO DE MATERIAL MEDICO;79250676/0001-93;MEDICAMENTO;PARANÁ;ENTREGA IMEDIATA;2020NE800976
360;120629;GRUPAMENTO DE APOIO DE CANOAS;R$ 0,00; NÃO SE APLICA ;R$ 6.639,20;R$ 6.639,20;CONFIANCA COMERCIO DE PRODUTOS LTDA ;29000107/0001-11;COLCHÃO HOSPITALAR;GOIÁS;ENTREGA IMEDIATA;2020NE800982
361;120629;GRUPAMENTO DE APOIO DE CANOAS;R$ 0,00; NÃO SE APLICA ;R$ 3.012,00;R$ 3.012,00;SC COMERCIO DE PRODUTOS HOSPITALARES;34396122/0001-60;CAPA COLCHÃO HOSPITALAR;SÃO PAULO;ENTREGA IMEDIATA;2020NE800984
362;120629;GRUPAMENTO DE APOIO DE CANOAS;R$ 0,00; NÃO SE APLICA ;R$ 466,80;R$ 466,80;PKB PRODUTOS QUIMICOS LTDA ; 01648513/0001-76;MEDICAMENTO;SANTA CATARINA;ENTREGA IMEDIATA;2020NE800985
363;120629;GRUPAMENTO DE APOIO DE CANOAS;R$ 0,00; NÃO SE APLICA ;R$ 180,00;R$ 0,00;SMC FARMACEUTICA LTDA ;29036138/0001-22;MEDICAMENTO;RIO GRANDE DO SUL;ENTREGA IMEDIATA;2020NE800986
364;120629;GRUPAMENTO DE APOIO DE CANOAS;R$ 0,00; NÃO SE APLICA ;R$ 13.500,00;R$ 13.500,00;BMR MEDICAL LTDA  ;07213544/0001-80;MEDICAMENTO;PARÁ;ENTREGA IMEDIATA;2020NE800987
365;120629;GRUPAMENTO DE APOIO DE CANOAS;R$ 0,00; NÃO SE APLICA ;R$ 3.604,00;R$ 3.604,00;UNIQUE DISTRIBUIDORA DE MEDICAMENTOS ;23864942/0001-13 ;MEDICAMENTO;ESPIRITO SANTO;ENTREGA IMEDIATA;2020NE800988
366;120629;GRUPAMENTO DE APOIO DE CANOAS;R$ 0,00; NÃO SE APLICA ;R$ 945,00;R$ 945,00;CAPROMED FARMACEUTICA LTDA ;13085369/0001-96;MEDICAMENTO;SÃO PAULO;ENTREGA IMEDIATA;2020NE800989
367;120629;GRUPAMENTO DE APOIO DE CANOAS;R$ 0,00; NÃO SE APLICA ;R$ 1.961,00;R$ 1.961,00; CRISTALIA PRODUTOS QUIMICOS FARMACEUTICOS;44734671/0001-51;MEDICAMENTO;SÃO PAULO;ENTREGA IMEDIATA;2020NE800990
368;120629;GRUPAMENTO DE APOIO DE CANOAS;R$ 0,00; NÃO SE APLICA ;R$ 8.520,00;R$ 8.520,00;AUROBINDO PHARMA INDUSTRIA FARMACEUTICA;04301884/0001-75 ;MEDICAMENTO;GOIÁS;ENTREGA IMEDIATA;2020NE800991
369;120629;GRUPAMENTO DE APOIO DE CANOAS;R$ 0,00; NÃO SE APLICA ;R$ 730,00;R$ 0,00;CAPROMED FARMACEUTICA LTDA  ;13085369/0001-96;MEDICAMENTO;SÃO PAULO;ENTREGA IMEDIATA;2020NE800992
370;120629;GRUPAMENTO DE APOIO DE CANOAS;R$ 0,00; NÃO SE APLICA ;R$ 16.420,00;R$ 0,00;RAVIMED DISTRIBUIDORA DE PRODUTOS ;31434320/0001-83;MEDICAMENTO;ESPIRITO SANTO;ENTREGA IMEDIATA;2020NE800993
371;120629;GRUPAMENTO DE APOIO DE CANOAS;R$ 0,00; NÃO SE APLICA ;R$ 6.600,00;R$ 6.600,00; PROMEFARMA REPRESENTACOES COMERCIAIS LTDA;81706251/0001-98 ;MEDICAMENTO;PARANÁ;ENTREGA IMEDIATA;2020NE800994
372;120629;GRUPAMENTO DE APOIO DE CANOAS;R$ 0,00; NÃO SE APLICA ;R$ 4.188,00;R$ 4.188,00;CRISTALIA PRODUTOS QUIMICOS FARMACEUTICOS;44734671/0001-51;MEDICAMENTO;SÃO PAULO;ENTREGA IMEDIATA;2020NE800995
373;120629;GRUPAMENTO DE APOIO DE CANOAS;R$ 0,00; NÃO SE APLICA ;R$ 930,00;R$ 0,00;EXEMPLARMED COMERCIO DE PRODUTOS HOSPITALARES; 23312871/0001-46;MEDICAMENTO;RIO GRANDE DO SUL;ENTREGA IMEDIATA;2020NE800996
374;120629;GRUPAMENTO DE APOIO DE CANOAS;R$ 0,00; NÃO SE APLICA ;R$ 1.396,00;R$ 1.396,00;CRISTALIA PRODUTOS QUIMICOS FARMACEUTICOS;44734671/0001-51;MEDICAMENTO;SÃO PAULO;ENTREGA IMEDIATA;2020NE800997
375;120629;GRUPAMENTO DE APOIO DE CANOAS;R$ 0,00; NÃO SE APLICA ;R$ 1.090,00;R$ 1.090,00;MEDMAX COMERCIO DE MEDICAMENTOS LTDA  ;16553940/0001-48 ;MEDICAMENTO;RIO GRANDE DO SUL;ENTREGA IMEDIATA;2020NE800998
376;120629;GRUPAMENTO DE APOIO DE CANOAS;R$ 0,00; NÃO SE APLICA ;R$ 1.396,00;R$ 1.396,00;CRISTALIA PRODUTOS QUIMICOS FARMACEUTICOS;44734671/0001-51;MEDICAMENTO;SÃO PAULO;ENTREGA IMEDIATA;2020NE800999
377;120629;GRUPAMENTO DE APOIO DE CANOAS;R$ 0,00; NÃO SE APLICA ;R$ 3.000,00;R$ 3.000,00;CITOPHARMA MANIPULACAO DE MEDICAMENTOS;01640262/0001-83 ;MEDICAMENTO;MINAS GERAIS;ENTREGA IMEDIATA;2020NE801000
378;120629;GRUPAMENTO DE APOIO DE CANOAS;R$ 0,00; NÃO SE APLICA ;R$ 38.249,84;R$ 0,00;TRABISERV GESTAO EMPRESARIAL EIRELI ; 09529872/0001-16;CONTRATO DE LIMPEZA HACO;SANTA CATARINA;ENTREGA IMEDIATA;2020NE801003
379;120629;GRUPAMENTO DE APOIO DE CANOAS;R$ 0,00; NÃO SE APLICA ;R$ 120.000,00;R$ 0,00;GE HEALTHCARE DO BRASIL COMERCIO;00029372/0002-21;ULTRASSOM;MINAS GERAIS;ENTREGA IMEDIATA;2020NE801022
380;120629;GRUPAMENTO DE APOIO DE CANOAS;R$ 0,00; NÃO SE APLICA ;R$ 8.300,00;R$ 8.300,00;ELBER INDUSTRIA DE REFRIGERACAO LTDA   ;81618753/0001-67;CAMARA CONSERVAÇÃO IMUNOLÓGICA;SANTA CATARINA;ENTREGA IMEDIATA;2020NE801023
381;120629;GRUPAMENTO DE APOIO DE CANOAS;R$ 0,00; NÃO SE APLICA ;R$ 23.684,73;R$ 23.684,73;PRISMA AR CONDICIONADO EIRELI   ;19365869/0001-68;ADEQUAÇÃO CLIMATIZAÇÃO ÁREA COVID-19;PARANÁ;ENTREGA IMEDIATA;2020NE801029
382;120629;GRUPAMENTO DE APOIO DE CANOAS;R$ 0,00; NÃO SE APLICA ;R$ 9.035,00;R$ 9.035,00;MEDCLEAN COMERCIAL LTDA;03921280/0001-69;CALÇA E JALECO DESCARTÁVEL;RIO GRANDE DO SUL;ENTREGA IMEDIATA;2020NE801030
383;120629;GRUPAMENTO DE APOIO DE CANOAS;R$ 0,00; NÃO SE APLICA ;R$ 2.200,00;R$ 2.200,00; PRIOM TECNOLOGIA EM EQUIPAMENTOS EIRELI  ;11619992/0001-56;FILTRO PARA CATETER;SÃO PAULO;ENTREGA IMEDIATA;2020NE801031
384;120629;GRUPAMENTO DE APOIO DE CANOAS;R$ 0,00; NÃO SE APLICA ;R$ 10.500,00;R$ 10.500,00;BIOPLASMA PRODUTOS PARA LABORATORIO;04086552/0001-15 ;REAGENTE PARA DIAGNÓSTICO CLÍNICO - COVID-19;DISTRITO FEDERAL;ENTREGA IMEDIATA;2020NE801032
385;120629;GRUPAMENTO DE APOIO DE CANOAS;R$ 0,00; NÃO SE APLICA ;R$ 1.380,00;R$ 1.035,00;MEDMAX COMERCIO DE MEDICAMENTOS LTDA    ;16553940/0001-48 ;MEDICAMENTO;RIO GRANDE DO SUL;ENTREGA IMEDIATA;2020NE801040
386;120629;GRUPAMENTO DE APOIO DE CANOAS;R$ 0,00; NÃO SE APLICA ;R$ 195.926,35;R$ 195.926,35;GLOBALMED SUPORTE DE MATERIAL TERAPEUTICO;02988857/0001-97;ALTO-FLUXO;RIO GRANDE DO SUL;ENTREGA IMEDIATA;2020NE801043
387;120629;GRUPAMENTO DE APOIO DE CANOAS;R$ 0,00; NÃO SE APLICA ;R$ 294,50;R$ 294,50;LUMANN DISTRIBUIDORA DE MEDICAMENTOS LTDA;26419311/0001-83;MEDICAMENTO;PARANÁ;ENTREGA IMEDIATA;2020NE801046
388;120629;GRUPAMENTO DE APOIO DE CANOAS;R$ 0,00; NÃO SE APLICA ;R$ 579,00;R$ 579,00;MEDMAX COMERCIO DE MEDICAMENTOS LTDA  ;16553940/0001-48 ;MEDICAMENTO;RIO GRANDE DO SUL;ENTREGA IMEDIATA;2020NE801051
389;120629;GRUPAMENTO DE APOIO DE CANOAS;R$ 0,00; NÃO SE APLICA ;R$ 21.120,00;R$ 21.120,00;BARRETO'S INDUSTRIA E COMERCIO ;03890627/0001-53 ;PIJAMA CIRURGICO HOSPITALAR;BAHIA;ENTREGA IMEDIATA;2020NE801054
390;120629;GRUPAMENTO DE APOIO DE CANOAS;R$ 0,00; NÃO SE APLICA ;R$ 96.204,00;R$ 19.240,00; GLOBALMED SUPORTE DE MATERIAL TERAPEUTIC;02988857/0001-97;ALTO-FLUXO MATERIAIS;RIO GRANDE DO SUL;ENTREGA IMEDIATA;2020NE801064
391;120629;GRUPAMENTO DE APOIO DE CANOAS;R$ 0,00; NÃO SE APLICA ;R$ 2.331,00;R$ 0,00;GENILZA LIMA DE ARAUJO;18470991/0001-31;CABO CONECTOR PARA MONITOR MULTIPARAMÉTRICO;SÃO PAULO;ENTREGA IMEDIATA;2020NE801065
392;120629;GRUPAMENTO DE APOIO DE CANOAS;R$ 0,00; NÃO SE APLICA ;R$ 599,00;R$ 599,00;BRIT ASSESSORIAS, CONSULTORIAS ;28114563/0001-20;SACO PARA CADÁVER;RIO GRANDE DO SUL;ENTREGA IMEDIATA;2020NE801067
393;120629;GRUPAMENTO DE APOIO DE CANOAS;R$ 0,00; NÃO SE APLICA ;R$ 85.830,00;R$ 5.021,00;MEDCLEAN COMERCIAL LTDA;03921280/0001-69;AVENTAL PARA PROCEDIMENTOS DESCARTÁVEL;RIO GRANDE DO SUL;ENTREGA IMEDIATA;2020NE801069
394;120629;GRUPAMENTO DE APOIO DE CANOAS;R$ 0,00; NÃO SE APLICA ;R$ 19.900,00;R$ 9.950,00; NOVA BIOMEDICAL DIAGNOSTICOS MEDICOS ;18271934/0001-23 ;REAGENTE PARA DIAGNÓSTICO CLÍNICO;MINAS GERAIS;ENTREGA IMEDIATA;2020NE801070
395;120629;GRUPAMENTO DE APOIO DE CANOAS;R$ 0,00; NÃO SE APLICA ;R$ 4.749,89;R$ 0,00;PROMEDI DISTRIBUIDORA DE PRODUTOS;27806274/0001-29 ;REANIMADOR;RIO GRANDE DO SUL;ENTREGA IMEDIATA;2020NE801071
396;120629;GRUPAMENTO DE APOIO DE CANOAS;R$ 0,00; NÃO SE APLICA ;R$ 301,00;R$ 0,00;PRISMA AR CONDICIONADO EIRELI   ;19365869/0001-68;MANUTENÇÃO AR CONDICIONADO ;PARANÁ;ENTREGA IMEDIATA;2020NE801072
397;120629;GRUPAMENTO DE APOIO DE CANOAS;R$ 0,00; NÃO SE APLICA ;R$ 1.916,16;R$ 0,00;HOSPBOX DISTRIBUIDORA DE PRODUTOS ;23866426/0001-28;PRODUTOS PARA HIGIENIZAÇÃO DOS PACIENTES;RIO GRANDE DO SUL;ENTREGA IMEDIATA;2020NE801073
398;120629;GRUPAMENTO DE APOIO DE CANOAS;R$ 0,00; NÃO SE APLICA ;R$ 251,76;R$ 251,76;HOSPBOX DISTRIBUIDORA DE PRODUTOS ;23866426/0001-28;MEDICAMENTO;RIO GRANDE DO SUL;ENTREGA IMEDIATA;2020NE801074
399;120629;GRUPAMENTO DE APOIO DE CANOAS;R$ 0,00; NÃO SE APLICA ;R$ 10.000,00;R$ 10.000,00;JOSE DANTAS DINIZ FILHO;22077847/0001-07;MÁSCARA CIRÚRGICA DESCARTÁVEL;PARAIBA;ENTREGA IMEDIATA;2020NE801075
400;120629;GRUPAMENTO DE APOIO DE CANOAS;R$ 0,00; NÃO SE APLICA ;R$ 30.360,00;R$ 0,00;BARRETO'S INDUSTRIA E COMERCIO ;03890627/0001-53 ;PIJAMA CIRURGICO HOSPITALAR;BAHIA;ENTREGA IMEDIATA;2020NE801076
401;120629;GRUPAMENTO DE APOIO DE CANOAS;R$ 0,00; NÃO SE APLICA ;R$ 13.278,40;R$ 0,00;CONFIANCA COMERCIO DE PRODUTOS LTDA;29000107/0001-11;COLCHÃO HOSPITALAR;GOIÁS;ENTREGA IMEDIATA;2020NE801079
402;120629;GRUPAMENTO DE APOIO DE CANOAS;R$ 0,00; NÃO SE APLICA ;R$ 6.024,00;R$ 0,00; SC COMERCIO DE PRODUTOS HOSPITALARES;34396122/0001-60 ;CAPA COLCHÃO HOSPITALAR;SÃO PAULO;ENTREGA IMEDIATA;2020NE801080
403;120629;GRUPAMENTO DE APOIO DE CANOAS;R$ 0,00; NÃO SE APLICA ;R$ 9.100,00;R$ 0,00;SAMTRONIC INDUSTRIA E COMERCIO LTDA ; 58426628/0001-33 ;MATERIAL PARA DIETA ENTERAL;SÃO PAULO;ENTREGA IMEDIATA;2020NE801089
404;120629;GRUPAMENTO DE APOIO DE CANOAS;R$ 0,00; NÃO SE APLICA ;R$ 16.305,43;R$ 0,00;AMBIENTUUS TECNOLOGIA AMBIENTAL EIRELI;01844768/0001-04 ;RECOLHIMENTO DE LIXO HOSPITALAR;RIO GRANDE DO SUL;ENTREGA IMEDIATA;2020NE801090
405;120629;GRUPAMENTO DE APOIO DE CANOAS;R$ 0,00; NÃO SE APLICA ;R$ 2.400,00;R$ 0,00;LFP COMERCIO DE PRODUTOS;26554718/0001-13;MATERIAL PARA DIETA ENTERAL;PARANÁ;ENTREGA IMEDIATA;2020NE801091
406;120629;GRUPAMENTO DE APOIO DE CANOAS;R$ 0,00; NÃO SE APLICA ;R$ 1.760,00;R$ 0,00;PRISMA AR CONDICIONADO EIRELI   ;19365869/0001-68;MANUTENÇÃO AR CONDICIONADO ;PARANÁ;ENTREGA IMEDIATA;2020NE801092
407;120039;GRUPAMENTO DE APOIO DO RIO DE JANEIRO;R$ 0,00; NÃO SE APLICA ;R$ 8.450,00;R$ 0,00;A & C DESIGN COMERCIO DE MATERIAL E SERVICOS LTDA - ME;07.883.014/0001-40;CONFECÇÃO DE DISPENSER DE ÁLCOOL EM GEL;RIO DE JANEIRO;ENTREGA IMEDIATA;2020NE801277
408;120630;GRUPAMENTO DE APOIO DE MANAUS;R$ 26.849,50; NÃO SE APLICA ;R$ 28.000,00;R$ 1.150,50;NÃO SE APLICA;-;DIÁRIAS – ALA 8 ;AMAZONAS;NÃO SE APLICA;2020NE000123
409;120630;GRUPAMENTO DE APOIO DE MANAUS;R$ 15.727,35; NÃO SE APLICA ;R$ 15.727,35;R$ 0,00;NÃO SE APLICA;-;DIÁRIAS – ALA 8;AMAZONAS;NÃO SE APLICA;2020NE000175
410;120631;BASE AÉREA DE NATAL;R$ 0,00; NÃO SE APLICA ;R$ 32.000,00;R$ 0,00;NÃO SE APLICA;-;DIÁRIA NACIONAL MILITAR;NACIONAL;NÃO SE APLICA;2020NE000060
411;120631;BASE AÉREA DE NATAL;R$ 0,00; NÃO SE APLICA ;R$ 38.000,00;R$ 0,00;NÃO SE APLICA;-;DIÁRIA NACIONAL MILITAR;NACIONAL;NÃO SE APLICA;2020NE000142
412;120631;BASE AÉREA DE NATAL;R$ 0,00; NÃO SE APLICA ;R$ 3.602,50;R$ 0,00;NÃO SE APLICA;-;DIÁRIA NACIONAL MILITAR;NACIONAL;NÃO SE APLICA;2020NE000162
413;120631;BASE AÉREA DE NATAL;R$ 0,00; NÃO SE APLICA ;R$ 45.000,00;R$ 0,00;NÃO SE APLICA;NÃO SE APLICA;DIÁRIA NACIONAL MILITAR;NACIONAL;NÃO SE APLICA;2020NE000162
414;120630;GRUPAMENTO DE APOIO DE MANAUS;R$ 11.830,65; NÃO SE APLICA ;R$ 11.830,65;R$ 0,00;NÃO SE APLICA;-;DIÁRIAS – ALA 8;AMAZONAS;NÃO SE APLICA;2020NE000274
415;120638;GRUPAMENTO DE APOIO DE CAMPO GRANDE;R$ 0,00; NÃO SE APLICA ;R$ 22.818,10;R$ 0,00;NÃO SE APLICA;NÃO SE APLICA;ATENDER DIARIAS DO 1/15 GAV E DO 2/10 GAV EM APOIO A OP COVID 19;NACIONAL;NÃO SE APLICA;2020NE000115
416;120039;GRUPAMENTO DE APOIO DO RIO DE JANEIRO;NÃO SE APLICA;NÃO SE APLICA;R$ 45.000,00;R$ 0,00;NÃO SE APLICA;NÃO SE APLICA;LLED SOLUÇÕES TECNOLOGICAS LTDA;RIO DE JANEIRO;ENTREGA IMEDIATA;2020NE801493
